runid,user_id,spatial_index,start_time,intersect_time,join_time,cluster_time,stop_time,total_time
0,138,r_tree,4/4/2020 12:02,2.657915354,11.69073534,2.296853542,4/4/2020 12:02,16.6465013
1,160,r_tree,4/4/2020 12:02,2.322263241,14.98793006,2.404567003,4/4/2020 12:03,19.7147603
2,89,r_tree,4/4/2020 12:03,2.265965462,10.72428083,2.414570093,4/4/2020 12:03,15.40544295
3,15,r_tree,4/4/2020 12:03,2.256962776,8.934115648,3.222376108,4/4/2020 12:03,14.41540742
4,47,r_tree,4/4/2020 12:03,2.268956423,9.288150072,2.185153723,4/4/2020 12:03,13.74323106
5,44,r_tree,4/4/2020 12:03,2.277985334,8.359727383,3.19243288,4/4/2020 12:03,13.8301456
6,89,r_tree,4/4/2020 12:03,2.255964994,7.764395475,2.419554472,4/4/2020 12:04,12.44088459
7,43,r_tree,4/4/2020 12:04,2.254966974,12.45470786,3.520566702,4/4/2020 12:04,18.23222399
8,117,r_tree,4/4/2020 12:04,2.269929171,26.4899056,2.117998362,4/4/2020 12:04,30.87980247
9,11,r_tree,4/4/2020 12:04,2.255992174,20.97062731,3.186502695,4/4/2020 12:05,26.41508985
10,164,r_tree,4/4/2020 12:05,2.474408627,26.4293828,2.199116468,4/4/2020 12:05,31.10390353
11,121,r_tree,4/4/2020 12:05,2.255963802,30.00278211,2.203105688,4/4/2020 12:06,34.4628489
12,169,r_tree,4/4/2020 12:06,2.256961584,23.41648459,2.658925772,4/4/2020 12:07,28.33430123
13,37,r_tree,4/4/2020 12:07,2.280923367,23.01642895,4.435137272,4/4/2020 12:07,29.73377109
14,46,r_tree,4/4/2020 12:07,2.251999855,15.84887362,2.309888124,4/4/2020 12:07,20.41076159
15,118,r_tree,4/4/2020 12:07,2.251004457,5.112783194,2.156233311,4/4/2020 12:08,9.520994425
16,63,r_tree,4/4/2020 12:08,2.248012304,9.96489501,2.219058752,4/4/2020 12:08,14.43494916
17,162,r_tree,4/4/2020 12:08,2.253970146,8.569149733,2.154209614,4/4/2020 12:08,12.97832656
18,94,r_tree,4/4/2020 12:08,2.251008034,20.19599676,2.15977788,4/4/2020 12:08,24.60774994
19,136,r_tree,4/4/2020 12:08,2.255963802,12.65672708,2.141271591,4/4/2020 12:09,17.05396247
20,109,r_tree,4/4/2020 12:09,2.241030931,10.7113688,2.141244411,4/4/2020 12:09,15.0946157
21,107,r_tree,4/4/2020 12:09,2.247014761,20.34556723,2.136679888,4/4/2020 12:09,24.73125792
22,97,r_tree,4/4/2020 12:09,2.250011206,18.80468678,2.13829875,4/4/2020 12:10,23.19497037
23,71,r_tree,4/4/2020 12:10,2.244024515,14.46926117,4.318454266,4/4/2020 12:10,21.03173995
24,127,r_tree,4/4/2020 12:10,2.254966736,12.13171458,2.234995842,4/4/2020 12:10,16.62267518
25,82,r_tree,4/4/2020 12:10,2.258956432,55.14648557,6.484623671,4/4/2020 12:11,63.89106345
26,150,r_tree,4/4/2020 12:11,2.246017456,17.84628057,2.139249563,4/4/2020 12:12,22.23251748
27,24,r_tree,4/4/2020 12:12,2.259983063,16.36417317,7.536844015,4/4/2020 12:12,26.16197109
28,78,r_tree,4/4/2020 12:12,2.235019922,10.49267578,3.295185566,4/4/2020 12:12,16.02504277
29,45,r_tree,4/4/2020 12:12,2.249010324,12.40194464,2.19712162,4/4/2020 12:13,16.85004377
30,1,r_tree,4/4/2020 12:13,2.238012314,15.49556875,5.380568504,4/4/2020 12:13,23.11515665
31,105,r_tree,4/4/2020 12:13,2.243996143,24.46956134,2.123114347,4/4/2020 12:14,28.83859539
32,131,r_tree,4/4/2020 12:14,2.241031885,22.84986949,2.691770554,4/4/2020 12:14,27.78267193
33,172,r_tree,4/4/2020 12:14,2.240026474,17.24985123,2.500025034,4/4/2020 12:14,21.99056935
34,161,r_tree,4/4/2020 12:14,2.247016907,24.44776607,2.138312817,4/4/2020 12:15,28.83506346
35,16,r_tree,4/4/2020 12:15,2.253970861,11.80954599,3.555481672,4/4/2020 12:15,17.61997151
36,152,r_tree,4/4/2020 12:15,2.243026733,12.52253461,2.170203447,4/4/2020 12:16,16.93576479
37,179,r_tree,4/4/2020 12:16,2.244991064,22.73631287,5.025247812,4/4/2020 12:16,30.00655174
38,14,r_tree,4/4/2020 12:16,2.247019291,16.88770843,11.50718617,4/4/2020 12:17,30.64191389
39,88,r_tree,4/4/2020 12:17,2.254994392,24.82491851,2.311840534,4/4/2020 12:17,29.39272547
40,98,r_tree,4/4/2020 12:17,2.250006914,13.29852581,2.151216745,4/4/2020 12:17,17.70171762
41,24,r_tree,4/4/2020 12:17,2.259983063,12.85470343,7.521903038,4/4/2020 12:18,22.63758063
42,168,r_tree,4/4/2020 12:18,2.251974583,23.62319469,5.093331575,4/4/2020 12:18,30.97070503
43,77,r_tree,4/4/2020 12:18,2.244995117,24.71718788,2.191137791,4/4/2020 12:19,29.15429163
44,113,r_tree,4/4/2020 12:19,2.255964041,19.46691775,2.455242634,4/4/2020 12:19,24.17909479
45,138,r_tree,4/4/2020 12:19,2.236017466,8.044265509,2.127390146,4/4/2020 12:19,12.40864372
46,136,r_tree,4/4/2020 12:19,2.246018887,15.11364102,2.131331921,4/4/2020 12:20,19.49303508
47,171,r_tree,4/4/2020 12:20,2.237042427,20.86791158,2.133283377,4/4/2020 12:20,25.24017715
48,113,r_tree,4/4/2020 12:20,2.243995428,7.80151844,2.446482182,4/4/2020 12:20,12.49296665
49,56,r_tree,4/4/2020 12:20,2.242111206,11.2359395,2.175118208,4/4/2020 12:21,15.6551981
50,98,r_tree,4/4/2020 12:21,2.240035057,22.27022386,2.182161331,4/4/2020 12:21,26.69438958
51,22,r_tree,4/4/2020 12:21,2.265965939,23.47026873,140.6696486,4/4/2020 12:24,166.4068551
52,13,r_tree,4/4/2020 12:24,2.264966726,16.32434988,17.07837272,4/4/2020 12:24,35.67061138
53,58,r_tree,4/4/2020 12:24,2.244022608,21.13459134,2.336720467,4/4/2020 12:25,25.71635365
54,136,r_tree,4/4/2020 12:25,2.246022701,9.409878969,2.139297009,4/4/2020 12:25,13.79519868
55,172,r_tree,4/4/2020 12:25,2.234022856,14.43506622,2.472382784,4/4/2020 12:25,19.14244246
56,121,r_tree,4/4/2020 12:25,2.241004705,12.6780808,2.137283325,4/4/2020 12:26,17.05721068
57,178,r_tree,4/4/2020 12:26,2.242029667,17.60399842,2.163251162,4/4/2020 12:26,22.01224899
58,129,r_tree,4/4/2020 12:26,2.236047506,9.974218607,2.211084127,4/4/2020 12:26,14.42135024
59,56,r_tree,4/4/2020 12:26,2.234049559,14.50246835,2.173159361,4/4/2020 12:27,18.91064811
60,20,r_tree,4/4/2020 12:27,2.267958164,9.880538225,9.441759348,4/4/2020 12:27,21.59123421
61,180,r_tree,4/4/2020 12:27,2.239037514,11.21651125,2.545187712,4/4/2020 12:27,16.00171041
62,111,r_tree,4/4/2020 12:27,2.237041473,8.525495291,2.192137957,4/4/2020 12:27,12.9556458
63,36,r_tree,4/4/2020 12:27,2.246016979,9.361952782,5.697752476,4/4/2020 12:28,17.30572224
64,131,r_tree,4/4/2020 12:28,2.25699091,7.451002598,2.654897213,4/4/2020 12:28,12.36386132
65,139,r_tree,4/4/2020 12:28,2.245989799,12.4397161,2.114335537,4/4/2020 12:28,16.80207276
66,50,r_tree,4/4/2020 12:28,2.239037037,24.87844014,8.195120096,4/4/2020 12:29,35.31357193
67,55,r_tree,4/4/2020 12:29,2.245019197,19.61639047,3.935498238,4/4/2020 12:29,25.79984593
68,64,r_tree,4/4/2020 12:29,2.244024038,25.23352861,2.983018637,4/4/2020 12:30,30.46253943
69,138,r_tree,4/4/2020 12:30,2.24103117,27.58725476,2.134356499,4/4/2020 12:30,31.96460867
70,23,r_tree,4/4/2020 12:30,2.246018171,27.33290315,4.17679739,4/4/2020 12:31,33.75768685
71,144,r_tree,4/4/2020 12:31,2.232027531,18.97592902,11.91418719,4/4/2020 12:31,33.12411165
72,158,r_tree,4/4/2020 12:31,2.243026972,21.95525813,2.143240452,4/4/2020 12:32,26.34152555
73,114,r_tree,4/4/2020 12:32,2.244024038,5.701745272,2.172161102,4/4/2020 12:32,10.11793041
74,86,r_tree,4/4/2020 12:32,2.248984575,8.690748215,2.156230688,4/4/2020 12:32,13.09695983
75,157,r_tree,4/4/2020 12:32,2.226044416,7.550826073,2.136475325,4/4/2020 12:32,11.91531515
76,168,r_tree,4/4/2020 12:32,2.252002001,18.37486959,5.041208982,4/4/2020 12:33,25.66904664
77,144,r_tree,4/4/2020 12:33,2.237042189,14.9030776,12.05075717,4/4/2020 12:33,29.19288421
78,156,r_tree,4/4/2020 12:33,2.25895524,9.475648403,2.221084118,4/4/2020 12:34,13.95768356
79,131,r_tree,4/4/2020 12:34,2.257958651,18.96338153,2.70778513,4/4/2020 12:34,23.93109107
80,58,r_tree,4/4/2020 12:34,2.260950804,17.56722116,2.33275938,4/4/2020 12:34,22.16192889
81,54,r_tree,4/4/2020 12:34,2.27591157,18.32909274,2.157226801,4/4/2020 12:35,22.76320314
82,4,r_tree,4/4/2020 12:35,2.249978781,11.77921677,14.89712095,4/4/2020 12:35,28.92831111
83,44,r_tree,4/4/2020 12:35,2.240004778,50.97674298,3.1645329,4/4/2020 12:36,56.38327694
84,10,r_tree,4/4/2020 12:36,2.237042189,22.51179719,11.18208694,4/4/2020 12:37,35.93189716
85,122,r_tree,4/4/2020 12:37,2.228065491,13.87313199,3.368016005,4/4/2020 12:37,19.47018576
86,49,r_tree,4/4/2020 12:37,2.230035782,13.03389168,2.163213491,4/4/2020 12:37,17.42836523
87,156,r_tree,4/4/2020 12:37,2.250007629,12.40680695,2.219035149,4/4/2020 12:38,16.87684751
88,21,r_tree,4/4/2020 12:38,2.232028723,14.18489933,2.150291681,4/4/2020 12:38,18.56821656
89,111,r_tree,4/4/2020 12:38,2.239037514,20.46038127,2.247985363,4/4/2020 12:38,24.94740415
90,64,r_tree,4/4/2020 12:38,2.25998044,25.13677716,3.022913456,4/4/2020 12:39,30.42064095
91,145,r_tree,4/4/2020 12:39,2.237040758,19.19464612,2.177148819,4/4/2020 12:39,23.60983372
92,136,r_tree,4/4/2020 12:39,2.263968468,23.4802649,2.133285284,4/4/2020 12:40,27.87852311
93,35,r_tree,4/4/2020 12:40,2.23803997,14.31806731,47.7742095,4/4/2020 12:41,64.3332274
94,136,r_tree,4/4/2020 12:41,2.230063677,10.57776046,2.153262138,4/4/2020 12:41,14.96245003
95,60,r_tree,4/4/2020 12:41,2.241001844,19.33028507,2.152328253,4/4/2020 12:41,23.7255826
96,26,r_tree,4/4/2020 12:41,2.234022617,20.92568159,3.555487156,4/4/2020 12:42,26.71715975
97,116,r_tree,4/4/2020 12:42,2.227042437,23.05776501,2.133265972,4/4/2020 12:42,27.41907096
98,46,r_tree,4/4/2020 12:42,2.245019197,16.06805229,2.263941526,4/4/2020 12:43,20.57898378
99,1,r_tree,4/4/2020 12:43,2.243997335,13.79092097,5.52721262,4/4/2020 12:43,21.56412625
100,137,r_tree,4/4/2020 12:43,2.240007401,18.12062335,2.183187962,4/4/2020 12:43,22.54536295
101,145,r_tree,4/4/2020 12:43,2.25199914,29.1981256,2.160670519,4/4/2020 12:44,33.61179256
102,104,r_tree,4/4/2020 12:44,2.243000031,18.51693058,2.460267544,4/4/2020 12:44,23.22019815
103,79,r_tree,4/4/2020 12:44,2.233055115,9.032833815,2.204103231,4/4/2020 12:45,13.4709599
104,166,r_tree,4/4/2020 12:45,2.249010324,10.8938272,2.117321253,4/4/2020 12:45,15.2611692
105,39,r_tree,4/4/2020 12:45,2.256989717,23.2317636,7.444426537,4/4/2020 12:45,32.93317986
106,109,r_tree,4/4/2020 12:45,2.250007868,9.524603128,2.142335892,4/4/2020 12:46,13.91988373
107,39,r_tree,4/4/2020 12:46,2.244023323,10.27151871,7.654495716,4/4/2020 12:46,20.17003775
108,52,r_tree,4/4/2020 12:46,2.253000259,17.7684598,56.9067502,4/4/2020 12:47,76.93017793
109,97,r_tree,4/4/2020 12:47,2.256989956,26.4262991,2.161592007,4/4/2020 12:48,30.84488106
110,57,r_tree,4/4/2020 12:48,2.227042675,16.93073034,2.162209988,4/4/2020 12:48,21.31998301
111,136,r_tree,4/4/2020 12:48,2.223080397,22.25742412,2.156955242,4/4/2020 12:49,26.63942409
112,114,r_tree,4/4/2020 12:49,2.238011837,8.607037067,2.190113783,4/4/2020 12:49,13.03616071
113,169,r_tree,4/4/2020 12:49,2.250011921,14.63816905,2.648913145,4/4/2020 12:49,19.53709412
114,106,r_tree,4/4/2020 12:49,2.246988535,12.20258474,2.124315977,4/4/2020 12:49,16.57488656
115,177,r_tree,4/4/2020 12:49,2.235020399,16.69935393,2.11730814,4/4/2020 12:50,21.05168247
116,21,r_tree,4/4/2020 12:50,2.227041721,11.80260682,2.195099115,4/4/2020 12:50,16.22474766
117,181,r_tree,4/4/2020 12:50,2.239012003,12.21833801,2.128304243,4/4/2020 12:50,16.58662391
118,30,r_tree,4/4/2020 12:50,2.220087528,12.08773637,25.83787417,4/4/2020 12:51,40.14766455
119,125,r_tree,4/4/2020 12:51,2.264938593,10.33836842,3.094218254,4/4/2020 12:51,15.69849634
120,164,r_tree,4/4/2020 12:51,2.233052254,8.663820267,2.117354155,4/4/2020 12:51,13.01623273
121,92,r_tree,4/4/2020 12:51,2.228065491,8.773529768,2.901208639,4/4/2020 12:52,13.9028039
122,142,r_tree,4/4/2020 12:52,2.248012066,8.025555611,4.100030899,4/4/2020 12:52,14.37359858
123,84,r_tree,4/4/2020 12:52,2.239011049,10.99262285,11.16612458,4/4/2020 12:52,24.39875579
124,54,r_tree,4/4/2020 12:52,2.242998838,21.38678098,2.172188044,4/4/2020 12:53,25.80196786
125,83,r_tree,4/4/2020 12:53,2.225047112,21.03272772,2.555164099,4/4/2020 12:53,25.81293893
126,30,r_tree,4/4/2020 12:53,2.232029438,27.39672899,25.6816752,4/4/2020 12:54,55.31140995
127,31,r_tree,4/4/2020 12:54,2.23601675,25.13677597,2.263919353,4/4/2020 12:55,29.63771009
128,81,r_tree,4/4/2020 12:55,2.230060339,28.89925385,2.569153309,4/4/2020 12:55,33.70046401
129,2,r_tree,4/4/2020 12:55,2.2440238,17.08427691,10.32238483,4/4/2020 12:56,29.65266633
130,12,r_tree,4/4/2020 12:56,2.231026649,25.01263285,3.689162016,4/4/2020 12:56,30.93535614
131,89,r_tree,4/4/2020 12:56,2.242027998,7.917884111,2.476348162,4/4/2020 12:56,12.63626027
132,169,r_tree,4/4/2020 12:56,2.244024992,6.362969875,2.715734005,4/4/2020 12:57,11.32372808
133,47,r_tree,4/4/2020 12:57,2.240036011,8.535192966,2.146042347,4/4/2020 12:57,12.92320871
134,111,r_tree,4/4/2020 12:57,2.234024048,15.63020897,2.180140972,4/4/2020 12:57,20.04437399
135,12,r_tree,4/4/2020 12:57,2.244993448,15.75939441,3.675152302,4/4/2020 12:57,21.67954016
136,83,r_tree,4/4/2020 12:57,2.236017942,10.6156168,2.561170578,4/4/2020 12:58,15.41380239
137,31,r_tree,4/4/2020 12:58,2.226071835,17.54521561,2.247989178,4/4/2020 12:58,22.01927662
138,48,r_tree,4/4/2020 12:58,2.233054161,18.73886466,2.196151972,4/4/2020 12:58,23.1690414
139,31,r_tree,4/4/2020 12:58,2.26596427,17.37770939,2.255937099,4/4/2020 12:59,21.90161157
140,42,r_tree,4/4/2020 12:59,2.229064941,10.81228113,5.438456059,4/4/2020 12:59,18.47980213
141,54,r_tree,4/4/2020 12:59,2.253997326,47.86771536,2.17515254,4/4/2020 13:00,52.29686522
142,111,r_tree,4/4/2020 13:00,2.245020866,24.13641548,2.188147068,4/4/2020 13:00,28.57058239
143,32,r_tree,4/4/2020 13:00,2.231032372,12.34522843,2.436736345,4/4/2020 13:01,17.0149622
144,145,r_tree,4/4/2020 13:01,2.245991707,16.0508461,2.185153246,4/4/2020 13:01,20.48199105
145,64,r_tree,4/4/2020 13:01,2.228065252,13.1233604,2.988005877,4/4/2020 13:01,18.34040356
146,42,r_tree,4/4/2020 13:01,2.253000259,11.5710144,5.429498434,4/4/2020 13:02,19.2544992
147,124,r_tree,4/4/2020 13:02,2.244022608,21.05367041,3.131653309,4/4/2020 13:02,26.43020225
148,58,r_tree,4/4/2020 13:02,2.243026018,25.48080063,2.341762543,4/4/2020 13:03,30.06855345
149,161,r_tree,4/4/2020 13:03,2.230060816,19.4828732,2.12331152,4/4/2020 13:03,23.83824253
150,143,r_tree,4/4/2020 13:03,2.247985601,21.25618005,2.134262323,4/4/2020 13:04,25.63942599
151,85,r_tree,4/4/2020 13:04,2.25000596,16.58226514,36.82453227,4/4/2020 13:04,55.65874672
152,169,r_tree,4/4/2020 13:04,2.229063034,11.07772398,2.670823574,4/4/2020 13:05,15.97860861
153,144,r_tree,4/4/2020 13:05,2.229035854,17.3796072,11.92708993,4/4/2020 13:05,31.53772831
154,136,r_tree,4/4/2020 13:05,2.23604393,21.52425385,2.130306959,4/4/2020 13:06,25.89160347
155,101,r_tree,4/4/2020 13:06,2.227067947,17.91807246,2.194106102,4/4/2020 13:06,22.34023046
156,142,r_tree,4/4/2020 13:06,2.224076986,22.11002159,4.103012085,4/4/2020 13:07,28.43811822
157,143,r_tree,4/4/2020 13:07,2.237042427,13.40416193,2.132270098,4/4/2020 13:07,17.7754426
158,131,r_tree,4/4/2020 13:07,2.248983383,15.81477714,2.658887148,4/4/2020 13:07,20.72264767
159,114,r_tree,4/4/2020 13:07,2.228039265,27.67425942,2.176150084,4/4/2020 13:08,32.07844877
160,94,r_tree,4/4/2020 13:08,2.242001534,20.70662808,2.159251213,4/4/2020 13:08,25.10788083
161,29,r_tree,4/4/2020 13:08,2.24103117,12.25119638,3.206448078,4/4/2020 13:08,17.699646
162,123,r_tree,4/4/2020 13:08,2.236017227,7.960855961,2.161189079,4/4/2020 13:09,12.35806227
163,56,r_tree,4/4/2020 13:09,2.23003459,26.01453114,2.178144693,4/4/2020 13:09,30.4237082
164,180,r_tree,4/4/2020 13:09,2.237041473,9.721018314,2.559180737,4/4/2020 13:09,14.52015114
165,75,r_tree,4/4/2020 13:09,2.227067947,9.623341799,3.947410345,4/4/2020 13:10,15.7987895
166,93,r_tree,4/4/2020 13:10,2.235020161,13.74626637,2.184129,4/4/2020 13:10,18.16641355
167,29,r_tree,4/4/2020 13:10,2.245991945,26.36457634,3.170550585,4/4/2020 13:10,31.78263998
168,10,r_tree,4/4/2020 13:10,2.247015476,18.25328422,11.2778275,4/4/2020 13:11,31.77812719
169,107,r_tree,4/4/2020 13:11,2.248978138,22.30151796,2.127308607,4/4/2020 13:11,26.67977548
170,169,r_tree,4/4/2020 13:11,2.228065729,13.36742091,2.667862415,4/4/2020 13:12,18.26431847
171,179,r_tree,4/4/2020 13:12,2.23203063,10.91875172,5.012588739,4/4/2020 13:12,18.16434193
172,29,r_tree,4/4/2020 13:12,2.246987343,14.03493166,3.185477018,4/4/2020 13:12,19.46836615
173,108,r_tree,4/4/2020 13:12,2.224049568,16.28411865,2.133556366,4/4/2020 13:13,20.64172459
174,88,r_tree,4/4/2020 13:13,2.230033159,12.50975108,2.297852755,4/4/2020 13:13,17.03960371
175,31,r_tree,4/4/2020 13:13,2.250976801,10.39727378,2.261502028,4/4/2020 13:13,14.9113543
176,47,r_tree,4/4/2020 13:13,2.244023085,13.50539827,2.171190977,4/4/2020 13:14,17.92061234
177,121,r_tree,4/4/2020 13:14,2.238012075,10.36619401,2.140273571,4/4/2020 13:14,14.7454505
178,81,r_tree,4/4/2020 13:14,2.251034498,9.161462307,2.578129768,4/4/2020 13:14,13.99062657
179,157,r_tree,4/4/2020 13:14,2.237045288,8.896334171,2.152213812,4/4/2020 13:14,13.28659105
180,108,r_tree,4/4/2020 13:14,2.229064226,8.314754486,2.125403881,4/4/2020 13:14,12.67019224
181,156,r_tree,4/4/2020 13:14,2.24202919,8.583036184,2.19709444,4/4/2020 13:15,13.02315736
182,44,r_tree,4/4/2020 13:15,2.233053446,12.16545057,3.181488276,4/4/2020 13:15,17.5829587
183,14,r_tree,4/4/2020 13:15,2.243026733,27.20390868,11.27584672,4/4/2020 13:16,40.72278214
184,106,r_tree,4/4/2020 13:16,2.235019684,25.83487964,2.132363796,4/4/2020 13:16,30.20226312
185,95,r_tree,4/4/2020 13:16,2.236016273,24.0048089,3.127628565,4/4/2020 13:17,29.36845374
186,149,r_tree,4/4/2020 13:17,2.23903656,32.50007558,2.193105936,4/4/2020 13:17,36.93322277
187,133,r_tree,4/4/2020 13:17,2.272917747,20.90548229,2.180161476,4/4/2020 13:18,25.35956025
188,11,r_tree,4/4/2020 13:18,2.281922579,23.39320159,3.190494299,4/4/2020 13:18,28.86658621
189,45,r_tree,4/4/2020 13:18,2.226044893,12.52001977,2.180181265,4/4/2020 13:18,16.92822599
190,82,r_tree,4/4/2020 13:18,2.230058908,5.926138401,6.354997158,4/4/2020 13:19,14.51416898
191,94,r_tree,4/4/2020 13:19,2.235015392,9.20541358,2.141286612,4/4/2020 13:19,13.58269477
192,83,r_tree,4/4/2020 13:19,2.233052969,9.753876448,2.541220665,4/4/2020 13:19,14.52912641
193,119,r_tree,4/4/2020 13:19,2.229036331,19.15273404,6.386941195,4/4/2020 13:20,27.77010465
194,86,r_tree,4/4/2020 13:20,2.22507453,11.15715623,2.136972189,4/4/2020 13:20,15.52019954
195,178,r_tree,4/4/2020 13:20,2.22305274,14.43312502,2.104451656,4/4/2020 13:20,18.76256776
196,65,r_tree,4/4/2020 13:20,2.224050045,18.3938148,14.22091055,4/4/2020 13:21,34.84078574
197,125,r_tree,4/4/2020 13:21,2.228149652,19.67960715,3.081733942,4/4/2020 13:21,24.99048471
198,17,r_tree,4/4/2020 13:21,2.227041721,11.46336222,43.3969512,4/4/2020 13:22,57.08934879
199,9,r_tree,4/4/2020 13:22,2.228038311,11.38967919,5.55312252,4/4/2020 13:22,19.17183685
200,112,r_tree,4/4/2020 13:22,2.222080946,57.80332518,4.308484077,4/4/2020 13:24,64.33488679
201,35,r_tree,4/4/2020 13:24,2.226070642,14.36036396,46.50869536,4/4/2020 13:25,63.09610105
202,151,r_tree,4/4/2020 13:25,2.242997885,15.42475462,2.093400955,4/4/2020 13:25,19.76268983
203,27,r_tree,4/4/2020 13:25,2.211113691,12.92953134,2.275912285,4/4/2020 13:25,17.41752577
204,156,r_tree,4/4/2020 13:25,2.223172665,10.11455202,2.177777767,4/4/2020 13:25,14.51744986
205,171,r_tree,4/4/2020 13:25,2.220030069,18.6581707,2.185222626,4/4/2020 13:26,23.0644362
206,160,r_tree,4/4/2020 13:26,2.230060339,23.77851367,2.358695269,4/4/2020 13:26,28.3702178
207,177,r_tree,4/4/2020 13:26,2.220087767,21.36311197,2.132797241,4/4/2020 13:27,25.71793675
208,57,r_tree,4/4/2020 13:27,2.231054068,19.61061811,2.118305445,4/4/2020 13:27,23.96097207
209,64,r_tree,4/4/2020 13:27,2.230032921,21.62377763,2.955095768,4/4/2020 13:28,26.80919051
210,115,r_tree,4/4/2020 13:28,2.226071358,9.856004953,4.321500778,4/4/2020 13:28,16.40457416
211,46,r_tree,4/4/2020 13:28,2.222081661,13.55681252,2.247871876,4/4/2020 13:28,18.02776885
212,21,r_tree,4/4/2020 13:28,2.219091415,23.54304767,2.147253275,4/4/2020 13:29,27.91133904
213,66,r_tree,4/4/2020 13:29,2.217095852,16.66921782,2.680826902,4/4/2020 13:29,21.56813788
214,121,r_tree,4/4/2020 13:29,2.22504735,22.5729115,2.119359732,4/4/2020 13:29,26.91831613
215,20,r_tree,4/4/2020 13:29,2.233052731,14.76754355,9.326131105,4/4/2020 13:30,26.32672739
216,173,r_tree,4/4/2020 13:30,2.22903657,14.47926116,2.09439683,4/4/2020 13:30,18.80369163
217,142,r_tree,4/4/2020 13:30,2.227041483,22.94276547,4.041189909,4/4/2020 13:31,29.21199417
218,128,r_tree,4/4/2020 13:31,2.22305274,22.29096437,50.89487839,4/4/2020 13:32,75.40988111
219,62,r_tree,4/4/2020 13:32,2.226711988,16.47794271,7.776182652,4/4/2020 13:32,26.48181939
220,130,r_tree,4/4/2020 13:32,2.22305274,8.49251008,2.527239323,4/4/2020 13:33,13.24280214
221,95,r_tree,4/4/2020 13:33,2.230060816,19.98756242,3.120625257,4/4/2020 13:33,25.33926225
222,160,r_tree,4/4/2020 13:33,2.229035139,15.48838091,2.361704111,4/4/2020 13:33,20.0801177
223,74,r_tree,4/4/2020 13:33,2.234052896,8.449435472,6.087749481,4/4/2020 13:34,16.77222061
224,56,r_tree,4/4/2020 13:34,2.224074364,11.8463068,2.134261847,4/4/2020 13:34,16.20464301
225,6,r_tree,4/4/2020 13:34,2.217098475,24.19180942,2.399681807,4/4/2020 13:34,28.81012559
226,2,r_tree,4/4/2020 13:34,2.225017548,23.31060648,10.20266819,4/4/2020 13:35,35.7402916
227,146,r_tree,4/4/2020 13:35,2.225073338,16.82103968,2.09437108,4/4/2020 13:35,21.14048409
228,105,r_tree,4/4/2020 13:35,2.223231077,17.61197972,2.106915712,4/4/2020 13:36,21.94212651
229,57,r_tree,4/4/2020 13:36,2.225046396,10.67363596,2.141251326,4/4/2020 13:36,15.04093146
230,36,r_tree,4/4/2020 13:36,2.222054482,14.68916178,5.473564386,4/4/2020 13:36,22.38478065
231,110,r_tree,4/4/2020 13:36,2.217097044,14.31401682,2.13029933,4/4/2020 13:37,18.66338205
232,68,r_tree,4/4/2020 13:37,2.239035845,13.28844166,48.28642845,4/4/2020 13:38,63.81488323
233,110,r_tree,4/4/2020 13:38,2.212081909,10.16446686,2.127280474,4/4/2020 13:38,14.50382924
234,32,r_tree,4/4/2020 13:38,2.224076748,14.87619853,2.42550993,4/4/2020 13:38,19.52675676
235,94,r_tree,4/4/2020 13:38,2.218092203,10.22274685,2.127308369,4/4/2020 13:39,14.5691247
236,96,r_tree,4/4/2020 13:39,2.223079681,8.809318066,23.9200058,4/4/2020 13:39,34.95294595
237,18,r_tree,4/4/2020 13:39,2.21410656,9.274410725,2.551193714,4/4/2020 13:39,14.04166818
238,83,r_tree,4/4/2020 13:39,2.225073338,8.298829794,2.566134453,4/4/2020 13:40,13.09101486
239,143,r_tree,4/4/2020 13:40,2.21011734,7.350366831,2.118303537,4/4/2020 13:40,11.67975545
240,158,r_tree,4/4/2020 13:40,2.226070404,12.42012119,2.125293016,4/4/2020 13:40,16.77148461
241,122,r_tree,4/4/2020 13:40,2.24003458,25.52591205,3.387250185,4/4/2020 13:41,31.15319681
242,121,r_tree,4/4/2020 13:41,2.22307992,19.8056519,2.148236036,4/4/2020 13:41,24.17795396
243,180,r_tree,4/4/2020 13:41,2.22504735,25.2666111,2.52325058,4/4/2020 13:41,30.01649642
244,125,r_tree,4/4/2020 13:41,2.229063749,29.55151629,3.096743345,4/4/2020 13:42,34.87829256
245,127,r_tree,4/4/2020 13:42,2.21806407,23.24498773,2.219897509,4/4/2020 13:43,27.68394661
246,18,r_tree,4/4/2020 13:43,2.221056461,23.25943637,2.547205925,4/4/2020 13:43,28.02968693
247,8,r_tree,4/4/2020 13:43,2.222081661,15.29701877,2.94291997,4/4/2020 13:43,20.46282578
248,167,r_tree,4/4/2020 13:43,2.22404933,4.513049126,21.19429874,4/4/2020 13:44,27.93436837
249,166,r_tree,4/4/2020 13:44,2.234052181,9.763925552,2.105693817,4/4/2020 13:44,14.10668182
250,90,r_tree,4/4/2020 13:44,2.22501874,8.104485273,2.153580189,4/4/2020 13:44,12.4830842
251,98,r_tree,4/4/2020 13:44,2.23205924,19.27832532,2.124316216,4/4/2020 13:45,23.63470078
252,79,r_tree,4/4/2020 13:45,2.219090939,12.29714465,2.182163239,4/4/2020 13:45,16.6992023
253,9,r_tree,4/4/2020 13:45,2.229036808,9.270286083,5.559197664,4/4/2020 13:45,17.05949044
254,20,r_tree,4/4/2020 13:45,2.223051786,19.91377187,9.445728779,4/4/2020 13:46,31.58255243
255,62,r_tree,4/4/2020 13:46,2.224106312,19.01217175,7.819075346,4/4/2020 13:46,29.0563364
256,75,r_tree,4/4/2020 13:46,2.231056213,15.47507596,3.881635666,4/4/2020 13:47,21.58876777
257,7,r_tree,4/4/2020 13:47,2.223081112,11.67372322,3.155556917,4/4/2020 13:47,17.05437303
258,58,r_tree,4/4/2020 13:47,2.2220819,53.44012785,2.299877882,4/4/2020 13:48,57.9630723
259,98,r_tree,4/4/2020 13:48,2.228711605,19.37157559,2.176177979,4/4/2020 13:48,23.77646518
260,98,r_tree,4/4/2020 13:48,2.23302722,15.84032631,2.13436842,4/4/2020 13:49,20.20969629
261,127,r_tree,4/4/2020 13:49,2.232028246,10.13928366,2.201100588,4/4/2020 13:49,14.57241249
262,102,r_tree,4/4/2020 13:49,2.217093945,11.87821364,2.126312971,4/4/2020 13:49,16.22190547
263,164,r_tree,4/4/2020 13:49,2.233052492,14.17614198,2.094396114,4/4/2020 13:49,18.50359058
264,122,r_tree,4/4/2020 13:49,2.224050283,23.11025381,3.349837542,4/4/2020 13:50,28.68513894
265,162,r_tree,4/4/2020 13:50,2.235048294,23.64375353,2.099402428,4/4/2020 13:50,27.97919416
266,113,r_tree,4/4/2020 13:50,2.225049734,17.25784969,2.40953207,4/4/2020 13:51,21.8924315
267,85,r_tree,4/4/2020 13:51,2.221058607,21.71408606,36.93219614,4/4/2020 13:52,60.8673408
268,43,r_tree,4/4/2020 13:52,2.223078728,14.92281961,3.435848951,4/4/2020 13:52,20.58271861
269,106,r_tree,4/4/2020 13:52,2.229063988,10.97249222,2.100408077,4/4/2020 13:52,15.30196428
270,74,r_tree,4/4/2020 13:52,2.224051714,20.44973278,6.040363073,4/4/2020 13:53,28.71609807
271,1,r_tree,4/4/2020 13:53,2.218094587,19.00521398,5.415541172,4/4/2020 13:53,26.6418128
272,74,r_tree,4/4/2020 13:53,2.22509861,22.95994592,6.324104309,4/4/2020 13:54,31.51109409
273,129,r_tree,4/4/2020 13:54,2.289873123,15.18009377,2.230034113,4/4/2020 13:54,19.7010119
274,168,r_tree,4/4/2020 13:54,2.229063034,13.18524504,5.039518356,4/4/2020 13:54,20.45513487
275,121,r_tree,4/4/2020 13:54,2.213104725,19.72218752,2.130281925,4/4/2020 13:55,24.06557417
276,1,r_tree,4/4/2020 13:55,2.224049807,27.67304754,5.275888443,4/4/2020 13:55,35.1739583
277,26,r_tree,4/4/2020 13:55,2.225046873,18.51957631,3.521580219,4/4/2020 13:56,24.26680851
278,158,r_tree,4/4/2020 13:56,2.245992661,8.4394207,2.116339922,4/4/2020 13:56,12.80361128
279,61,r_tree,4/4/2020 13:56,2.23005867,11.73186398,2.14022398,4/4/2020 13:56,16.1031251
280,38,r_tree,4/4/2020 13:56,2.229036331,22.07553768,10.53172398,4/4/2020 13:57,34.83726716
281,68,r_tree,4/4/2020 13:57,2.21809411,9.134533644,47.70297623,4/4/2020 13:58,59.05560398
282,21,r_tree,4/4/2020 13:58,2.213106871,9.63666296,2.131299257,4/4/2020 13:58,13.98269868
283,20,r_tree,4/4/2020 14:11,2.515269756,28.47681236,9.486590385,4/4/2020 14:12,40.4786725
284,131,r_tree,4/4/2020 14:12,2.288848877,15.49756455,2.730650663,4/4/2020 14:12,20.51706409
285,171,r_tree,4/4/2020 14:12,2.260951996,22.9960525,2.125642776,4/4/2020 14:13,27.38264728
286,21,r_tree,4/4/2020 14:13,2.26593709,8.672796488,2.150276661,4/4/2020 14:13,13.09100533
287,39,r_tree,4/4/2020 14:13,2.267958641,14.76557255,7.624590874,4/4/2020 14:13,24.65812206
288,15,r_tree,4/4/2020 14:13,2.264938831,12.49237657,3.216392517,4/4/2020 14:14,17.97567773
289,36,r_tree,4/4/2020 14:14,2.255993605,17.32625532,5.582052231,4/4/2020 14:14,25.16526961
290,22,r_tree,4/4/2020 14:14,2.264968157,10.9881742,144.3310688,4/4/2020 14:17,157.5852091
291,174,r_tree,4/4/2020 14:17,2.257985353,13.11508131,2.151467562,4/4/2020 14:17,17.52550507
292,117,r_tree,4/4/2020 14:17,2.253941536,11.40651274,2.125301123,4/4/2020 14:17,15.78776288
293,173,r_tree,4/4/2020 14:17,2.250006199,10.55177045,2.130298138,4/4/2020 14:17,14.93207479
294,27,r_tree,4/4/2020 14:17,2.244980335,8.551122904,2.308822632,4/4/2020 14:18,13.10692096
295,166,r_tree,4/4/2020 14:18,2.261972904,9.103725433,2.133265495,4/4/2020 14:18,13.49896383
296,70,r_tree,4/4/2020 14:18,2.243025541,7.918839455,2.472323656,4/4/2020 14:18,12.63718987
297,17,r_tree,4/4/2020 14:18,2.249981165,11.57511115,44.39889717,4/4/2020 14:19,58.22595644
298,155,r_tree,4/4/2020 14:19,2.252999783,22.31048465,2.517373323,4/4/2020 14:20,27.08169341
299,112,r_tree,4/4/2020 14:20,2.247985363,20.80436826,4.393788576,4/4/2020 14:20,27.44810343
300,60,r_tree,4/4/2020 14:20,2.256961346,26.13385057,2.157229185,4/4/2020 14:20,30.54903769
301,30,r_tree,4/4/2020 14:20,2.24801302,28.42787361,27.92467594,4/4/2020 14:21,58.60250282
302,165,r_tree,4/4/2020 14:21,2.273943663,31.92032051,7.038145542,4/4/2020 14:22,41.23340845
303,89,r_tree,4/4/2020 14:22,2.281895638,17.84329844,2.601948261,4/4/2020 14:23,22.72814035
304,26,r_tree,4/4/2020 14:23,2.258954763,26.26186991,3.565487862,4/4/2020 14:23,32.08922696
305,78,r_tree,4/4/2020 14:23,2.254994869,7.144946814,3.279168606,4/4/2020 14:23,12.68134427
306,99,r_tree,4/4/2020 14:23,2.239010572,6.417276621,2.176241159,4/4/2020 14:23,10.83252835
307,118,r_tree,4/4/2020 14:23,2.243996143,8.410568237,2.147201777,4/4/2020 14:24,12.80373454
308,108,r_tree,4/4/2020 14:24,2.241004467,20.75163436,2.411548138,4/4/2020 14:24,25.40618014
309,123,r_tree,4/4/2020 14:24,2.289899826,13.52182293,2.160008907,4/4/2020 14:24,17.97173166
310,147,r_tree,4/4/2020 14:24,2.24601841,11.27343559,2.702796698,4/4/2020 14:25,16.22322059
311,172,r_tree,4/4/2020 14:25,2.272940397,18.21419263,2.530243635,4/4/2020 14:25,23.01836109
312,34,r_tree,4/4/2020 14:25,2.271922112,19.87296176,4.350348234,4/4/2020 14:25,26.49523211
313,146,r_tree,4/4/2020 14:25,2.257958412,18.95113301,2.16033411,4/4/2020 14:26,23.3713913
314,93,r_tree,4/4/2020 14:26,2.248013496,12.77490377,2.342734337,4/4/2020 14:26,17.36565161
315,156,r_tree,4/4/2020 14:26,2.321819305,56.66946173,2.254935503,4/4/2020 14:27,61.24721265
316,11,r_tree,4/4/2020 14:27,2.263944149,23.55298495,3.243637085,4/4/2020 14:28,29.06126714
317,54,r_tree,4/4/2020 14:28,2.263943195,13.55881906,2.27588439,4/4/2020 14:28,18.09964395
318,58,r_tree,4/4/2020 14:28,2.315805674,16.57468247,2.358958244,4/4/2020 14:28,21.25170565
319,64,r_tree,4/4/2020 14:28,2.23803997,14.29173636,3.035856247,4/4/2020 14:29,19.56762695
320,88,r_tree,4/4/2020 14:29,2.267519712,14.72866845,2.377425671,4/4/2020 14:29,19.37557983
321,28,r_tree,4/4/2020 14:29,2.283463955,22.76542616,7.577822208,4/4/2020 14:30,32.62867856
322,83,r_tree,4/4/2020 14:30,2.368661642,30.48416305,2.838406086,4/4/2020 14:30,35.69220066
323,16,r_tree,4/4/2020 14:30,2.317799568,20.1171782,3.625327587,4/4/2020 14:31,26.06327105
324,90,r_tree,4/4/2020 14:31,2.266936064,22.42699909,2.394593477,4/4/2020 14:31,27.09052467
325,59,r_tree,4/4/2020 14:31,2.359717369,18.09754968,2.376560688,4/4/2020 14:31,22.83482575
326,140,r_tree,4/4/2020 14:31,2.282891512,11.90913916,7.389208555,4/4/2020 14:32,21.58223653
327,73,r_tree,4/4/2020 14:32,2.247015238,18.28904247,2.714763403,4/4/2020 14:32,23.25179195
328,76,r_tree,4/4/2020 14:32,2.263945341,24.69651699,2.362630844,4/4/2020 14:33,29.32409072
329,121,r_tree,4/4/2020 14:33,2.319607973,22.15218377,2.254160404,4/4/2020 14:33,26.72595215
330,119,r_tree,4/4/2020 14:33,2.259611845,23.16651201,6.78667593,4/4/2020 14:34,32.21279979
331,129,r_tree,4/4/2020 14:34,2.281861305,15.62114835,2.261978149,4/4/2020 14:34,20.16695333
332,27,r_tree,4/4/2020 14:34,2.477399111,16.57565308,2.515339613,4/4/2020 14:34,21.56939411
333,45,r_tree,4/4/2020 14:34,2.267301083,29.96151519,2.257908344,4/4/2020 14:35,34.4877224
334,7,r_tree,4/4/2020 14:35,2.25297308,22.99350929,3.210029125,4/4/2020 14:35,28.45848656
335,181,r_tree,4/4/2020 14:35,2.274943829,13.31799293,2.238764763,4/4/2020 14:36,17.83267331
336,71,r_tree,4/4/2020 14:36,2.300773382,9.055637598,4.871634007,4/4/2020 14:36,16.22901511
337,111,r_tree,4/4/2020 14:36,2.329766035,29.89616275,2.281096935,4/4/2020 14:37,34.50802422
338,59,r_tree,4/4/2020 14:37,2.25415659,11.01405382,2.630967617,4/4/2020 14:37,15.89917803
339,50,r_tree,4/4/2020 14:37,2.434488058,10.69191718,8.600286245,4/4/2020 14:37,21.72768831
340,119,r_tree,4/4/2020 14:37,2.543194771,16.53184152,7.203835964,4/4/2020 14:38,26.27986932
341,65,r_tree,4/4/2020 14:38,2.285940886,31.80720782,15.1303308,4/4/2020 14:38,49.22447658
342,13,r_tree,4/4/2020 14:38,2.252002954,21.10852623,17.67769027,4/4/2020 14:39,41.03919077
343,43,r_tree,4/4/2020 14:39,2.340736151,26.61471701,3.722014904,4/4/2020 14:40,32.67846513
344,177,r_tree,4/4/2020 14:40,2.368663788,16.26950574,2.29151845,4/4/2020 14:40,20.9306848
345,130,r_tree,4/4/2020 14:40,2.246989012,13.63617587,2.761610985,4/4/2020 14:40,18.64477587
346,3,r_tree,4/4/2020 14:40,2.289901257,16.18258381,19.8856976,4/4/2020 14:41,38.36016488
347,59,r_tree,4/4/2020 14:41,2.266959906,18.74845672,2.49233222,4/4/2020 14:41,23.78799868
348,37,r_tree,4/4/2020 14:41,2.2689569,13.59307623,5.340857029,4/4/2020 14:42,21.20585632
349,89,r_tree,4/4/2020 14:42,2.271948099,12.73421264,2.537238598,4/4/2020 14:42,17.54633522
350,70,r_tree,4/4/2020 14:42,2.252971888,15.2192862,2.618993998,4/4/2020 14:42,20.09326005
351,17,r_tree,4/4/2020 14:42,2.274913311,11.94806123,46.13990998,4/4/2020 14:43,60.36487174
352,125,r_tree,4/4/2020 14:43,2.304833412,9.534421682,6.520519018,4/4/2020 14:44,18.36174107
353,108,r_tree,4/4/2020 14:44,2.360511303,9.844303846,2.229035854,4/4/2020 14:44,14.43581772
354,87,r_tree,4/4/2020 14:44,2.293862343,9.340038538,2.2060709,4/4/2020 14:44,13.83997178
355,20,r_tree,4/4/2020 14:44,2.283917665,10.32053328,10.1426096,4/4/2020 14:44,22.7480576
356,134,r_tree,4/4/2020 14:44,2.314863443,14.68256092,2.187147856,4/4/2020 14:45,19.18651152
357,74,r_tree,4/4/2020 14:45,2.252972364,30.49242091,6.202440977,4/4/2020 14:45,38.94783425
358,162,r_tree,4/4/2020 14:45,2.282892466,30.56760788,2.22404933,4/4/2020 14:46,35.076545
359,4,r_tree,4/4/2020 14:46,2.264940262,27.38274145,14.71765113,4/4/2020 14:47,44.36533284
360,93,r_tree,4/4/2020 14:47,2.280896425,35.38137293,2.23599267,4/4/2020 14:47,39.89925933
361,144,r_tree,4/4/2020 14:47,2.505344868,21.43662214,12.74786568,4/4/2020 14:48,36.69179916
362,67,r_tree,4/4/2020 14:48,2.480391502,27.26903248,12.3658638,4/4/2020 14:49,42.11626077
363,114,r_tree,4/4/2020 14:49,2.319794416,13.66045308,2.336619377,4/4/2020 14:49,18.31886029
364,106,r_tree,4/4/2020 14:49,2.26194787,7.185799599,2.229967117,4/4/2020 14:49,11.67875409
365,108,r_tree,4/4/2020 14:49,2.262974501,11.13917089,2.245632648,4/4/2020 14:50,15.64777803
366,99,r_tree,4/4/2020 14:50,2.265938044,12.20725894,2.335502148,4/4/2020 14:50,16.80869913
367,113,r_tree,4/4/2020 14:50,2.355854988,22.04229665,2.662434101,4/4/2020 14:50,27.06158423
368,11,r_tree,4/4/2020 14:50,2.362586737,13.1039896,3.286180258,4/4/2020 14:51,18.7527566
369,124,r_tree,4/4/2020 14:51,2.245990276,18.05469561,3.483706713,4/4/2020 14:51,23.78636074
370,114,r_tree,4/4/2020 14:51,2.272917509,23.56498146,2.234993458,4/4/2020 14:51,28.07588482
371,125,r_tree,4/4/2020 14:51,2.247985363,21.6411252,3.905314207,4/4/2020 14:52,27.79539871
372,89,r_tree,4/4/2020 14:52,2.258983612,12.10763383,2.525217295,4/4/2020 14:52,16.89280486
373,111,r_tree,4/4/2020 14:52,2.258955479,12.18539929,2.74366045,4/4/2020 14:52,17.18901277
374,90,r_tree,4/4/2020 14:52,2.692769051,60.5361557,2.180024147,4/4/2020 14:54,65.41094899
375,143,r_tree,4/4/2020 14:54,2.256962299,16.73821783,2.177202225,4/4/2020 14:54,21.17338014
376,135,r_tree,4/4/2020 14:54,2.251004934,17.26583338,3.10272646,4/4/2020 14:54,22.62053561
377,168,r_tree,4/4/2020 14:54,2.262973547,13.44203877,5.110332489,4/4/2020 14:55,20.81634259
378,69,r_tree,4/4/2020 14:55,2.259953737,10.67262816,2.289845943,4/4/2020 14:55,15.22342563
379,23,r_tree,4/4/2020 14:55,2.235019684,20.316715,4.352357626,4/4/2020 14:55,26.90596318
380,83,r_tree,4/4/2020 14:55,2.245021343,24.8266046,2.768622398,4/4/2020 14:56,29.84315753
381,178,r_tree,4/4/2020 14:56,2.308850765,23.73150778,2.153238773,4/4/2020 14:56,28.19456744
382,152,r_tree,4/4/2020 14:56,2.247986555,20.44928861,2.259958744,4/4/2020 14:57,24.95823073
383,76,r_tree,4/4/2020 14:57,2.248013735,22.57361293,2.195126295,4/4/2020 14:57,27.0177505
384,179,r_tree,4/4/2020 14:57,2.247014999,10.40197229,5.088417768,4/4/2020 14:57,17.73837519
385,75,r_tree,4/4/2020 14:57,2.250007391,14.5122025,3.980327368,4/4/2020 14:58,20.74350619
386,36,r_tree,4/4/2020 14:58,2.265937328,24.98618102,5.552149773,4/4/2020 14:58,32.80426812
387,41,r_tree,4/4/2020 14:58,2.258955956,17.75253248,24.10949755,4/4/2020 14:59,44.12395787
388,51,r_tree,4/4/2020 14:59,2.307853937,23.8507247,2.278880835,4/4/2020 15:00,28.43842793
389,42,r_tree,4/4/2020 15:00,2.235020161,15.61625051,5.492275953,4/4/2020 15:00,23.34354663
390,70,r_tree,4/4/2020 15:00,2.263970613,15.44994569,2.497302771,4/4/2020 15:00,20.21220827
391,12,r_tree,4/4/2020 15:00,2.236017942,24.29007602,3.822097778,4/4/2020 15:01,30.34819174
392,8,r_tree,4/4/2020 15:01,2.313808203,23.80032611,3.014961004,4/4/2020 15:01,29.13106132
393,39,r_tree,4/4/2020 15:01,2.258956432,16.80406928,7.451086044,4/4/2020 15:02,26.51605821
394,60,r_tree,4/4/2020 15:02,2.24399662,9.024881124,2.18016696,4/4/2020 15:02,13.45001507
395,177,r_tree,4/4/2020 15:02,2.244994402,20.6233623,2.183158875,4/4/2020 15:02,25.05248427
396,24,r_tree,4/4/2020 15:02,2.237015963,16.45495701,7.618617296,4/4/2020 15:03,26.31260347
397,173,r_tree,4/4/2020 15:03,2.244993687,8.967152357,2.143268585,4/4/2020 15:03,13.3574059
398,66,r_tree,4/4/2020 15:03,2.235018969,12.64141369,2.759644985,4/4/2020 15:03,17.63607764
399,79,r_tree,4/4/2020 15:03,2.248983622,25.40065789,2.224050045,4/4/2020 15:04,29.87468982
400,26,r_tree,4/4/2020 15:04,2.255964994,24.48277664,3.597288847,4/4/2020 15:04,30.33603048
401,109,r_tree,4/4/2020 15:04,2.259952545,18.12151766,2.154294729,4/4/2020 15:05,22.53770542
402,39,r_tree,4/4/2020 15:05,2.245021343,18.01878572,7.479988575,4/4/2020 15:05,27.74676728
403,113,r_tree,4/4/2020 15:05,2.249010324,11.13474536,2.434486866,4/4/2020 15:05,15.82021093
404,181,r_tree,4/4/2020 15:05,2.250044107,14.96396732,2.167191744,4/4/2020 15:06,19.38120317
405,155,r_tree,4/4/2020 15:06,2.274211645,15.57629991,2.524247169,4/4/2020 15:06,20.37475872
406,115,r_tree,4/4/2020 15:06,2.252998829,13.78572965,4.49597168,4/4/2020 15:06,20.53567147
407,150,r_tree,4/4/2020 15:06,2.26194787,10.63557553,2.159192324,4/4/2020 15:07,15.05671573
408,113,r_tree,4/4/2020 15:07,2.247014761,15.78279924,2.466426849,4/4/2020 15:07,20.499156
409,62,r_tree,4/4/2020 15:07,2.2829175,10.86694145,7.922365904,4/4/2020 15:07,21.07418633
410,120,r_tree,4/4/2020 15:07,2.254964352,9.144533873,2.197122574,4/4/2020 15:08,13.59759164
411,18,r_tree,4/4/2020 15:08,2.255000353,10.15739489,2.583089113,4/4/2020 15:08,14.99645472
412,82,r_tree,4/4/2020 15:08,2.259979725,8.788487673,6.536511898,4/4/2020 15:08,17.58594966
413,144,r_tree,4/4/2020 15:08,2.247017145,7.71241188,12.15251803,4/4/2020 15:09,22.1138835
414,146,r_tree,4/4/2020 15:09,2.260977268,13.19668174,2.148225546,4/4/2020 15:09,17.60588455
415,86,r_tree,4/4/2020 15:09,2.279928207,27.0386858,2.230032206,4/4/2020 15:09,31.55158615
416,39,r_tree,4/4/2020 15:09,2.239135504,20.69161415,7.539818525,4/4/2020 15:10,30.47263384
417,159,r_tree,4/4/2020 15:10,2.249008417,26.8471992,3.001945496,4/4/2020 15:10,32.10013223
418,123,r_tree,4/4/2020 15:10,2.270922899,31.19865584,2.195127964,4/4/2020 15:11,35.66671562
419,114,r_tree,4/4/2020 15:11,2.234024525,24.57140231,2.202109098,4/4/2020 15:11,29.00853276
420,132,r_tree,4/4/2020 15:11,2.264968395,24.67497206,2.288882732,4/4/2020 15:12,29.22882318
421,147,r_tree,4/4/2020 15:12,2.272919655,16.39615941,2.68679738,4/4/2020 15:12,21.35686231
422,123,r_tree,4/4/2020 15:12,2.253106833,4.757090807,2.207121134,4/4/2020 15:12,9.217318773
423,16,r_tree,4/4/2020 15:12,2.248983145,10.44408917,3.586401224,4/4/2020 15:13,16.28144145
424,55,r_tree,4/4/2020 15:13,2.249010563,8.415511847,4.018251419,4/4/2020 15:13,14.68471289
425,104,r_tree,4/4/2020 15:13,2.238012075,20.51041436,2.526228189,4/4/2020 15:13,25.27465463
426,97,r_tree,4/4/2020 15:13,2.248981237,12.82172489,2.208065033,4/4/2020 15:14,17.27877116
427,125,r_tree,4/4/2020 15:14,2.271949291,10.08309531,3.135637522,4/4/2020 15:14,15.49262118
428,10,r_tree,4/4/2020 15:14,2.254966974,20.9470067,11.24887538,4/4/2020 15:15,34.45185089
429,38,r_tree,4/4/2020 15:15,2.256961823,19.3462975,11.26586413,4/4/2020 15:15,32.87010026
430,22,r_tree,4/4/2020 15:15,2.241004705,16.64150476,144.4842143,4/4/2020 15:18,163.3677211
431,66,r_tree,4/4/2020 15:18,2.24998045,12.4596653,2.739670515,4/4/2020 15:18,17.44931626
432,67,r_tree,4/4/2020 15:18,2.241030693,56.24458361,11.69570851,4/4/2020 15:19,70.18329096
433,58,r_tree,4/4/2020 15:19,2.250008583,19.7124002,2.37863636,4/4/2020 15:20,24.3420155
434,112,r_tree,4/4/2020 15:20,2.250940323,16.64852738,4.464086056,4/4/2020 15:20,23.36550283
435,78,r_tree,4/4/2020 15:20,2.245020866,10.67645216,3.340059519,4/4/2020 15:20,16.26350641
436,164,r_tree,4/4/2020 15:20,2.241005182,12.7350111,2.157187939,4/4/2020 15:21,17.13418245
437,32,r_tree,4/4/2020 15:21,2.246987343,14.8295877,2.483356237,4/4/2020 15:21,19.56090188
438,47,r_tree,4/4/2020 15:21,2.234022617,24.22076225,2.20310545,4/4/2020 15:21,28.65985775
439,121,r_tree,4/4/2020 15:21,2.252694607,25.43897343,2.169196367,4/4/2020 15:22,29.8608644
440,118,r_tree,4/4/2020 15:22,2.251999617,17.8432343,2.169816017,4/4/2020 15:22,22.26704788
441,32,r_tree,4/4/2020 15:22,2.251006842,22.67935252,2.479366779,4/4/2020 15:23,27.41069698
442,169,r_tree,4/4/2020 15:23,2.281967402,15.58034849,2.695311785,4/4/2020 15:23,20.55862927
443,73,r_tree,4/4/2020 15:23,2.259982109,11.61691952,2.728728771,4/4/2020 15:23,16.60759044
444,165,r_tree,4/4/2020 15:23,2.253998041,22.3531971,6.867725849,4/4/2020 15:24,31.4768889
445,45,r_tree,4/4/2020 15:24,2.272947788,20.10427022,2.254395247,4/4/2020 15:24,24.63358116
446,108,r_tree,4/4/2020 15:24,2.255991936,24.24214625,2.192107439,4/4/2020 15:25,28.69024563
447,49,r_tree,4/4/2020 15:25,2.252001286,15.47360182,2.181722403,4/4/2020 15:25,19.90732551
448,96,r_tree,4/4/2020 15:25,2.231031179,13.90579677,24.6779592,4/4/2020 15:26,40.81478715
449,154,r_tree,4/4/2020 15:26,2.248014927,21.98845053,2.175180435,4/4/2020 15:26,26.41261625
450,6,r_tree,4/4/2020 15:26,2.245455265,28.65932488,2.468289375,4/4/2020 15:27,33.37306952
451,111,r_tree,4/4/2020 15:27,2.252972841,19.65049791,2.233056784,4/4/2020 15:27,24.13652754
452,126,r_tree,4/4/2020 15:27,2.24499321,8.808963537,10.36227584,4/4/2020 15:28,21.41824222
453,16,r_tree,4/4/2020 15:28,2.293865204,12.89053941,3.599343777,4/4/2020 15:28,18.78374839
454,155,r_tree,4/4/2020 15:28,2.242998838,22.80618525,2.512373924,4/4/2020 15:28,27.56155801
455,178,r_tree,4/4/2020 15:28,2.251975536,9.094694853,2.141277552,4/4/2020 15:29,13.48794794
456,14,r_tree,4/4/2020 15:29,2.243996859,10.48109531,11.49125409,4/4/2020 15:29,24.21831679
457,170,r_tree,4/4/2020 15:29,2.253996134,21.83912206,2.168171883,4/4/2020 15:29,26.26226115
458,57,r_tree,4/4/2020 15:29,2.248011351,27.33189058,2.187121868,4/4/2020 15:30,31.7670238
459,15,r_tree,4/4/2020 15:30,2.256988049,17.37864852,3.278189421,4/4/2020 15:30,22.91583276
460,12,r_tree,4/4/2020 15:30,2.248982906,23.66468596,3.728026152,4/4/2020 15:31,29.64369082
461,54,r_tree,4/4/2020 15:31,2.239196301,9.063718796,2.22103548,4/4/2020 15:31,13.52596998
462,49,r_tree,4/4/2020 15:31,2.272945642,15.12455916,2.167201757,4/4/2020 15:31,19.56567097
463,30,r_tree,4/4/2020 15:31,2.246123075,12.72398567,25.76807404,4/4/2020 15:32,40.74016857
464,137,r_tree,4/4/2020 15:32,2.251974583,17.55705857,2.203609228,4/4/2020 15:32,22.01361036
465,45,r_tree,4/4/2020 15:32,2.265966177,11.41549206,2.214075804,4/4/2020 15:33,15.89650345
466,103,r_tree,4/4/2020 15:33,2.249010086,14.11226845,2.535181522,4/4/2020 15:33,18.89843822
467,93,r_tree,4/4/2020 15:33,2.239038944,12.27014422,2.447479486,4/4/2020 15:33,16.9586277
468,108,r_tree,4/4/2020 15:33,2.253997326,11.25651312,2.16018796,4/4/2020 15:34,15.6706984
469,116,r_tree,4/4/2020 15:34,2.253969669,8.791655064,2.175154924,4/4/2020 15:34,13.22177744
470,55,r_tree,4/4/2020 15:34,2.242973566,9.452246189,3.9564147,4/4/2020 15:34,15.65459871
471,178,r_tree,4/4/2020 15:34,2.251099586,8.325696945,2.183158875,4/4/2020 15:34,12.760952
472,111,r_tree,4/4/2020 15:34,2.237043619,11.63742566,2.231004477,4/4/2020 15:35,16.10547376
473,83,r_tree,4/4/2020 15:35,2.253996134,23.12912107,2.587730169,4/4/2020 15:35,27.97182941
474,44,r_tree,4/4/2020 15:35,2.258982658,22.20359635,3.206406116,4/4/2020 15:35,27.66898513
475,173,r_tree,4/4/2020 15:35,2.242997646,27.12400198,2.174155951,4/4/2020 15:36,31.54215288
476,178,r_tree,4/4/2020 15:36,2.240624905,27.18742943,2.167201757,4/4/2020 15:37,31.59625363
477,74,r_tree,4/4/2020 15:37,2.232053995,29.33257318,6.162486553,4/4/2020 15:37,37.72711372
478,22,r_tree,4/4/2020 15:37,2.289873362,17.54709005,142.3346858,4/4/2020 15:40,162.1726749
479,124,r_tree,4/4/2020 15:40,2.247015715,25.77522159,3.159519911,4/4/2020 15:40,31.18175721
480,159,r_tree,4/4/2020 15:40,2.246989012,7.400832415,2.950086832,4/4/2020 15:41,12.59790826
481,10,r_tree,4/4/2020 15:41,2.264967918,6.719993353,11.39451456,4/4/2020 15:41,20.37947583
482,141,r_tree,4/4/2020 15:41,2.264967918,8.870269537,10.8360045,4/4/2020 15:41,21.97124195
483,160,r_tree,4/4/2020 15:41,2.243994713,18.79279852,2.405578613,4/4/2020 15:42,23.44334722
484,27,r_tree,4/4/2020 15:42,2.239037275,14.21796274,2.318823099,4/4/2020 15:42,18.7777617
485,180,r_tree,4/4/2020 15:42,2.239010572,10.94674015,2.640907049,4/4/2020 15:42,15.82765412
486,105,r_tree,4/4/2020 15:42,2.425540447,18.45715117,2.152228117,4/4/2020 15:43,23.03687215
487,84,r_tree,4/4/2020 15:43,2.248983145,19.02564812,10.94172525,4/4/2020 15:43,32.21832252
488,54,r_tree,4/4/2020 15:43,2.259981394,18.5513978,2.192865133,4/4/2020 15:44,23.0052135
489,102,r_tree,4/4/2020 15:44,2.264939308,11.8484385,2.205100775,4/4/2020 15:44,16.31947684
490,91,r_tree,4/4/2020 15:44,2.255990267,52.38884258,2.242972136,4/4/2020 15:45,56.88880324
491,46,r_tree,4/4/2020 15:45,2.262948036,22.54575181,2.311787605,4/4/2020 15:45,27.12048745
492,100,r_tree,4/4/2020 15:45,2.241004944,12.96534276,2.185122967,4/4/2020 15:46,17.39147067
493,4,r_tree,4/4/2020 15:46,2.238042116,16.08194613,14.48827291,4/4/2020 15:46,32.80826116
494,140,r_tree,4/4/2020 15:46,2.240033627,14.0553689,7.260635376,4/4/2020 15:46,23.55704141
495,139,r_tree,4/4/2020 15:46,2.247053862,13.06314874,2.164183378,4/4/2020 15:47,17.47438598
496,58,r_tree,4/4/2020 15:47,2.264931679,22.591573,2.352710962,4/4/2020 15:47,27.21021271
497,3,r_tree,4/4/2020 15:47,2.245019436,26.65568805,18.41969299,4/4/2020 15:48,47.32040048
498,160,r_tree,4/4/2020 15:48,2.253996849,19.47193122,2.408546925,4/4/2020 15:48,24.13544583
499,101,r_tree,4/4/2020 15:48,2.252999067,22.51376987,2.214103222,4/4/2020 15:49,26.98281074
500,64,r_tree,4/4/2020 15:49,2.26895833,17.15011549,3.036849499,4/4/2020 15:49,22.45692039
501,37,r_tree,4/4/2020 15:49,2.262972116,11.29881597,4.570770502,4/4/2020 15:50,18.13352966
502,60,r_tree,4/4/2020 15:50,2.260978222,18.29308343,2.174192429,4/4/2020 15:50,22.73026323
503,154,r_tree,4/4/2020 15:50,2.262977839,22.68154597,2.168200016,4/4/2020 15:50,27.11372066
504,44,r_tree,4/4/2020 15:50,2.233026743,18.44822192,3.205423594,4/4/2020 15:51,23.88963294
505,161,r_tree,4/4/2020 15:51,2.259953022,22.69760895,2.160253763,4/4/2020 15:51,27.11978292
506,85,r_tree,4/4/2020 15:51,2.270952463,13.98163986,37.68928289,4/4/2020 15:52,53.9428432
507,125,r_tree,4/4/2020 15:52,2.271945238,16.33532262,3.154533386,4/4/2020 15:52,21.76377273
508,30,r_tree,4/4/2020 15:52,2.247017622,29.31109118,25.56264901,4/4/2020 15:53,57.1227231
509,78,r_tree,4/4/2020 15:53,2.258982897,22.19316864,3.338065386,4/4/2020 15:54,27.7922132
510,86,r_tree,4/4/2020 15:54,2.247984409,13.43809795,2.181162834,4/4/2020 15:54,17.86921668
511,162,r_tree,4/4/2020 15:54,2.23302722,8.247959852,2.142263651,4/4/2020 15:54,12.62424827
512,79,r_tree,4/4/2020 15:54,2.236521959,27.16930962,2.233053446,4/4/2020 15:55,31.63988233
513,176,r_tree,4/4/2020 15:55,2.242002249,10.23166299,2.146246672,4/4/2020 15:55,14.62189078
514,43,r_tree,4/4/2020 15:55,2.242002249,10.14987373,3.600386143,4/4/2020 15:55,15.99323177
515,1,r_tree,4/4/2020 15:55,2.248577118,14.340693,5.39056778,4/4/2020 15:56,21.98084521
516,137,r_tree,4/4/2020 15:56,2.278930187,27.8474946,2.208092213,4/4/2020 15:56,32.33748269
517,150,r_tree,4/4/2020 15:56,2.251004219,18.98720193,2.182154417,4/4/2020 15:57,23.42233872
518,108,r_tree,4/4/2020 15:57,2.264940023,23.44963551,2.154208899,4/4/2020 15:57,27.86878443
519,152,r_tree,4/4/2020 15:57,2.257959366,13.90134788,2.186151028,4/4/2020 15:58,18.34642577
520,101,r_tree,4/4/2020 15:58,2.238013029,12.15498757,2.20609808,4/4/2020 15:58,16.60009551
521,94,r_tree,4/4/2020 15:58,2.234023094,14.29475498,2.184156656,4/4/2020 15:58,18.71293473
522,7,r_tree,4/4/2020 15:58,2.246988773,17.20051432,3.211409569,4/4/2020 15:58,22.66088033
523,115,r_tree,4/4/2020 15:59,2.249014139,12.77982926,4.413192749,4/4/2020 15:59,19.44502807
524,157,r_tree,4/4/2020 15:59,2.260977268,10.93773651,2.134294987,4/4/2020 15:59,15.33397889
525,89,r_tree,4/4/2020 15:59,2.244993925,13.91577339,2.438471317,4/4/2020 15:59,18.60023499
526,147,r_tree,4/4/2020 15:59,2.252972603,10.60764837,2.735652685,4/4/2020 16:00,15.59727168
527,169,r_tree,4/4/2020 16:00,2.23601675,9.513573885,2.706758738,4/4/2020 16:00,14.45831704
528,136,r_tree,4/4/2020 16:00,2.246021509,9.12661314,2.149222136,4/4/2020 16:00,13.52185678
529,40,r_tree,4/4/2020 16:00,2.252972841,8.928113461,3.660208225,4/4/2020 16:00,14.84229136
530,115,r_tree,4/4/2020 16:00,2.248012543,9.19045043,4.434108973,4/4/2020 16:01,15.87354183
531,153,r_tree,4/4/2020 16:01,2.260951281,13.53581357,91.35523343,4/4/2020 16:02,107.1519983
532,107,r_tree,4/4/2020 16:02,2.232944965,27.4077003,2.18215251,4/4/2020 16:03,31.82279778
533,30,r_tree,4/4/2020 16:03,2.228067398,26.72750711,25.31138325,4/4/2020 16:04,54.26695776
534,9,r_tree,4/4/2020 16:04,2.256988764,25.10184574,5.74958992,4/4/2020 16:04,33.10941815
535,1,r_tree,4/4/2020 16:04,2.256147385,32.60592198,5.376614809,4/4/2020 16:05,40.23968101
536,159,r_tree,4/4/2020 16:05,2.253969669,19.80008769,2.935999632,4/4/2020 16:06,24.99202514
537,34,r_tree,4/4/2020 16:06,2.258984089,24.06464505,4.062778711,4/4/2020 16:06,30.38840127
538,102,r_tree,4/4/2020 16:06,2.248016596,13.14086771,2.206082821,4/4/2020 16:06,17.59596539
539,165,r_tree,4/4/2020 16:06,2.247017622,6.012419701,6.922511339,4/4/2020 16:07,15.18292737
540,62,r_tree,4/4/2020 16:07,2.266960859,9.704035759,7.910813808,4/4/2020 16:07,19.88380194
541,142,r_tree,4/4/2020 16:07,2.246021748,10.22067022,4.110003948,4/4/2020 16:07,16.57766557
542,58,r_tree,4/4/2020 16:07,2.231057644,20.12119579,2.350737572,4/4/2020 16:08,24.70493078
543,119,r_tree,4/4/2020 16:08,2.249014616,11.62104845,6.534491062,4/4/2020 16:08,20.40552187
544,96,r_tree,4/4/2020 16:08,2.237013817,15.0408814,24.44519353,4/4/2020 16:09,41.72405887
545,112,r_tree,4/4/2020 16:09,2.238039732,19.51681924,4.439118862,4/4/2020 16:09,26.19595146
546,59,r_tree,4/4/2020 16:09,2.263969898,20.40341473,2.351706028,4/4/2020 16:09,25.02105808
547,7,r_tree,4/4/2020 16:09,2.23903656,12.07865715,3.195477962,4/4/2020 16:10,17.51414204
548,107,r_tree,4/4/2020 16:10,2.256962299,11.62204146,2.149243116,4/4/2020 16:10,16.02824688
549,152,r_tree,4/4/2020 16:10,2.239010334,61.30156755,2.194157362,4/4/2020 16:11,65.73672962
550,95,r_tree,4/4/2020 16:11,2.248983383,15.47260404,3.173509598,4/4/2020 16:11,20.89611602
551,67,r_tree,4/4/2020 16:11,2.239010096,15.95231986,11.68978262,4/4/2020 16:12,29.88308001
552,104,r_tree,4/4/2020 16:12,2.272919893,13.38721037,2.516251564,4/4/2020 16:12,18.17638183
553,88,r_tree,4/4/2020 16:12,2.236018419,10.48600698,2.312810659,4/4/2020 16:13,15.03580832
554,103,r_tree,4/4/2020 16:13,2.243996382,19.86493635,2.503276348,4/4/2020 16:13,24.61320639
555,22,r_tree,4/4/2020 16:13,2.252001762,25.03078175,143.4382648,4/4/2020 16:16,170.7230277
556,42,r_tree,4/4/2020 16:16,2.242028713,22.85183477,5.524221182,4/4/2020 16:16,30.61808467
557,117,r_tree,4/4/2020 16:16,2.24601841,20.45628572,2.148285627,4/4/2020 16:17,24.85058975
558,163,r_tree,4/4/2020 16:17,2.253000021,22.34618783,21.69894624,4/4/2020 16:17,46.29914474
559,95,r_tree,4/4/2020 16:17,2.238038301,10.29046917,3.147578478,4/4/2020 16:18,15.6770575
560,178,r_tree,4/4/2020 16:18,2.255993366,14.32372904,2.158198833,4/4/2020 16:18,18.73792124
561,130,r_tree,4/4/2020 16:18,2.246989012,25.87761188,2.5900774,4/4/2020 16:19,30.71664095
562,146,r_tree,4/4/2020 16:19,2.242971897,17.87034869,2.171163559,4/4/2020 16:19,22.28548074
563,13,r_tree,4/4/2020 16:19,2.253970861,23.76145363,16.74916792,4/4/2020 16:20,42.76459241
564,93,r_tree,4/4/2020 16:20,2.252999306,15.35890865,2.241006613,4/4/2020 16:20,19.85383487
565,46,r_tree,4/4/2020 16:20,2.236046791,15.9014864,2.284363508,4/4/2020 16:20,20.42386818
566,19,r_tree,4/4/2020 16:20,2.245991945,23.86637402,2.621991396,4/4/2020 16:21,28.73532581
567,28,r_tree,4/4/2020 16:21,2.263943672,23.35215902,7.639587641,4/4/2020 16:21,33.25862908
568,168,r_tree,4/4/2020 16:21,2.2440238,16.90980124,5.102366209,4/4/2020 16:22,24.25912237
569,111,r_tree,4/4/2020 16:22,2.247015953,8.668940067,2.232055902,4/4/2020 16:22,13.14997888
570,79,r_tree,4/4/2020 16:22,2.235020638,20.37349176,2.217068434,4/4/2020 16:22,24.82657814
571,43,r_tree,4/4/2020 16:22,2.264912844,16.44101334,3.510622025,4/4/2020 16:23,22.2165482
572,180,r_tree,4/4/2020 16:23,2.246988297,8.954074621,2.571120977,4/4/2020 16:23,13.7721839
573,2,r_tree,4/4/2020 16:23,2.267063379,12.65716314,10.50147033,4/4/2020 16:23,25.42569685
574,74,r_tree,4/4/2020 16:23,2.244993687,25.14915276,6.216341257,4/4/2020 16:24,33.6104877
575,84,r_tree,4/4/2020 16:24,2.233025551,24.43167901,10.88398218,4/4/2020 16:25,37.54968071
576,161,r_tree,4/4/2020 16:25,2.236045122,17.71863532,2.139296532,4/4/2020 16:25,22.09495521
577,50,r_tree,4/4/2020 16:25,2.247046232,18.07962942,8.231052399,4/4/2020 16:25,28.55869818
578,177,r_tree,4/4/2020 16:25,2.258986235,11.05855298,2.162187099,4/4/2020 16:26,15.48073387
579,17,r_tree,4/4/2020 16:26,2.24801445,14.99989653,44.5508616,4/4/2020 16:27,61.79974151
580,54,r_tree,4/4/2020 16:27,2.237043619,15.41874886,2.185123682,4/4/2020 16:27,19.84191728
581,166,r_tree,4/4/2020 16:27,2.254998684,13.79206848,2.140273333,4/4/2020 16:27,18.1873405
582,31,r_tree,4/4/2020 16:27,2.232030392,10.54978466,2.293863058,4/4/2020 16:28,15.07567811
583,155,r_tree,4/4/2020 16:28,2.232056618,15.56236434,2.539206266,4/4/2020 16:28,20.33459663
584,84,r_tree,4/4/2020 16:28,2.255992413,10.70037055,11.2548604,4/4/2020 16:28,24.21222186
585,171,r_tree,4/4/2020 16:28,2.263972282,9.342082977,2.142248631,4/4/2020 16:29,13.75026202
586,90,r_tree,4/4/2020 16:29,2.24701643,9.808758736,2.167197943,4/4/2020 16:29,14.22494245
587,143,r_tree,4/4/2020 16:29,2.257986546,8.640908718,2.152214766,4/4/2020 16:29,13.05208015
588,74,r_tree,4/4/2020 16:29,2.238039255,7.743285418,6.325078726,4/4/2020 16:29,16.30836868
589,99,r_tree,4/4/2020 16:29,2.244023323,13.04011202,2.205099821,4/4/2020 16:30,17.49122643
590,121,r_tree,4/4/2020 16:30,2.250010967,27.03566575,2.167174101,4/4/2020 16:30,31.45285082
591,4,r_tree,4/4/2020 16:30,2.271950722,20.94308066,14.36969495,4/4/2020 16:31,37.58472633
592,81,r_tree,4/4/2020 16:31,2.247013807,26.75840974,2.608053207,4/4/2020 16:31,31.61543965
593,84,r_tree,4/4/2020 16:31,2.234080076,30.54009414,10.84094405,4/4/2020 16:32,43.61514378
594,67,r_tree,4/4/2020 16:32,2.241032839,24.87514162,12.01484013,4/4/2020 16:33,39.13101459
595,61,r_tree,4/4/2020 16:33,2.239035845,24.62412,2.171192169,4/4/2020 16:33,29.03534508
596,17,r_tree,4/4/2020 16:33,2.242999315,17.21096921,43.94905543,4/4/2020 16:34,63.40500331
597,139,r_tree,4/4/2020 16:34,2.265937328,4.694467545,2.159225225,4/4/2020 16:34,9.119630098
598,34,r_tree,4/4/2020 16:34,2.234024286,10.39922047,4.037198782,4/4/2020 16:35,16.6724112
599,153,r_tree,4/4/2020 16:35,2.234048843,8.753584146,91.18187356,4/4/2020 16:36,102.1705253
600,101,r_tree,4/4/2020 16:36,2.254074574,20.17205763,2.211083889,4/4/2020 16:37,24.63721609
601,153,r_tree,4/4/2020 16:37,2.24698925,13.01175237,91.02961802,4/4/2020 16:39,106.2903018
602,67,r_tree,4/4/2020 16:39,2.24499464,9.992295265,11.85229063,4/4/2020 16:39,24.08958054
603,144,r_tree,4/4/2020 16:39,2.233026028,21.07661581,11.90716958,4/4/2020 16:40,35.21979594
604,143,r_tree,4/4/2020 16:40,2.234050274,19.79008365,2.152242899,4/4/2020 16:40,24.17734599
605,112,r_tree,4/4/2020 16:40,2.260950327,16.20168042,4.430178165,4/4/2020 16:40,22.89477539
606,26,r_tree,4/4/2020 16:40,2.262974739,12.33102441,3.583414555,4/4/2020 16:41,18.18038106
607,33,r_tree,4/4/2020 16:41,2.250977278,58.38339972,3.697108984,4/4/2020 16:42,64.33248377
608,58,r_tree,4/4/2020 16:42,2.239034653,20.18102169,2.372683525,4/4/2020 16:42,24.79468131
609,93,r_tree,4/4/2020 16:42,2.323784828,16.60759068,2.225032091,4/4/2020 16:42,21.15839291
610,173,r_tree,4/4/2020 16:42,2.252966404,10.71830106,2.163211823,4/4/2020 16:43,15.13547587
611,151,r_tree,4/4/2020 16:43,2.287880421,12.67811394,2.19939208,4/4/2020 16:43,17.16638398
612,137,r_tree,4/4/2020 16:43,2.249010563,14.97695804,2.217040062,4/4/2020 16:43,19.4459734
613,46,r_tree,4/4/2020 16:43,2.246085167,23.9519465,2.318796396,4/4/2020 16:44,28.5177989
614,12,r_tree,4/4/2020 16:44,2.252507448,24.9283061,3.75993824,4/4/2020 16:44,30.94174933
615,81,r_tree,4/4/2020 16:44,2.245989799,18.15645146,2.576106787,4/4/2020 16:45,22.97951865
616,171,r_tree,4/4/2020 16:45,2.24302578,23.05585909,2.143169641,4/4/2020 16:45,27.44402909
617,176,r_tree,4/4/2020 16:45,2.237016201,15.46169186,2.164209366,4/4/2020 16:46,19.86491275
618,115,r_tree,4/4/2020 16:46,2.247015715,11.6937139,4.410725355,4/4/2020 16:46,18.35145497
619,109,r_tree,4/4/2020 16:46,2.253969669,21.64614415,2.148249149,4/4/2020 16:46,26.04836297
620,10,r_tree,4/4/2020 16:46,2.234049797,20.24383831,11.30234838,4/4/2020 16:47,33.78223157
621,78,r_tree,4/4/2020 16:47,2.24103117,24.08057451,3.389970779,4/4/2020 16:47,29.7145381
622,155,r_tree,4/4/2020 16:47,2.237014771,15.38749957,2.545191288,4/4/2020 16:48,20.17067432
623,58,r_tree,4/4/2020 16:48,2.245991707,14.13923216,2.381624222,4/4/2020 16:48,18.7678225
624,22,r_tree,4/4/2020 16:48,2.262972355,20.95095062,143.0305462,4/4/2020 16:51,166.2454479
625,107,r_tree,4/4/2020 16:51,2.24302721,29.05626535,2.170166254,4/4/2020 16:51,33.46945882
626,107,r_tree,4/4/2020 16:51,2.270951986,19.65245152,2.167170286,4/4/2020 16:52,24.09154487
627,55,r_tree,4/4/2020 16:52,2.240036249,8.968693256,4.055177689,4/4/2020 16:52,15.26684213
628,81,r_tree,4/4/2020 16:52,2.244992018,12.03739572,2.639910221,4/4/2020 16:52,16.92229795
629,94,r_tree,4/4/2020 16:52,2.248011827,23.55363846,2.186150312,4/4/2020 16:53,27.98974276
630,30,r_tree,4/4/2020 16:53,2.257985353,9.804803848,25.50772452,4/4/2020 16:53,37.57151127
631,1,r_tree,4/4/2020 16:53,2.265964985,10.41923332,5.382571936,4/4/2020 16:54,18.06877422
632,149,r_tree,4/4/2020 16:54,2.267959595,23.02443361,2.184157372,4/4/2020 16:54,27.47754741
633,97,r_tree,4/4/2020 16:54,2.262944221,27.85010505,2.194129705,4/4/2020 16:55,32.30717897
634,10,r_tree,4/4/2020 16:55,2.248013496,15.96329045,11.34386539,4/4/2020 16:55,29.55614877
635,34,r_tree,4/4/2020 16:55,2.233025551,23.26581764,4.050149918,4/4/2020 16:56,29.54999065
636,137,r_tree,4/4/2020 16:56,2.233053207,8.827386618,2.358662844,4/4/2020 16:56,13.42009664
637,154,r_tree,4/4/2020 16:56,2.237043381,14.71961784,2.141298771,4/4/2020 16:56,19.09897661
638,52,r_tree,4/4/2020 16:56,2.252408266,12.63043404,58.36385512,4/4/2020 16:57,73.24769235
639,63,r_tree,4/4/2020 16:57,2.244993448,17.34662032,2.234374523,4/4/2020 16:58,21.82797074
640,46,r_tree,4/4/2020 16:58,2.233054399,11.50430274,2.317772627,4/4/2020 16:58,16.05809331
641,7,r_tree,4/4/2020 16:58,2.247014761,13.92377543,3.266264915,4/4/2020 16:58,19.43899512
642,47,r_tree,4/4/2020 16:58,2.245023012,11.81333184,2.1851542,4/4/2020 16:59,16.24553657
643,84,r_tree,4/4/2020 16:59,2.235049963,10.90230751,10.84300685,4/4/2020 16:59,23.98133373
644,50,r_tree,4/4/2020 16:59,2.247014999,8.760639906,8.312947273,4/4/2020 16:59,19.32060218
645,149,r_tree,4/4/2020 16:59,2.258085251,9.37693882,2.186124802,4/4/2020 17:00,13.82212019
646,103,r_tree,4/4/2020 17:00,2.234022617,8.172162533,2.520266056,4/4/2020 17:00,12.92742276
647,83,r_tree,4/4/2020 17:00,2.238037825,11.90929103,2.593082428,4/4/2020 17:00,16.74138141
648,99,r_tree,4/4/2020 17:00,2.237016678,23.24185944,2.184135675,4/4/2020 17:01,27.66301179
649,24,r_tree,4/4/2020 17:01,2.2429986,21.69498992,7.51056385,4/4/2020 17:01,31.45148945
650,47,r_tree,4/4/2020 17:01,2.251975775,26.83100224,2.178198814,4/4/2020 17:02,31.26314497
651,52,r_tree,4/4/2020 17:02,2.231059074,26.55303288,58.62127233,4/4/2020 17:03,87.40536427
652,139,r_tree,4/4/2020 17:03,2.25097847,29.32853007,2.170289278,4/4/2020 17:04,33.75273871
653,146,r_tree,4/4/2020 17:04,2.242000818,17.66632724,2.156295538,4/4/2020 17:04,22.06660819
654,78,r_tree,4/4/2020 17:04,2.244994879,25.74219966,3.296180964,4/4/2020 17:05,31.2833755
655,124,r_tree,4/4/2020 17:05,2.242997646,7.454085112,3.144559622,4/4/2020 17:05,12.84264874
656,101,r_tree,4/4/2020 17:05,2.236045122,6.591406584,2.215080738,4/4/2020 17:05,11.0445199
657,161,r_tree,4/4/2020 17:05,2.27095294,8.684764385,2.18060565,4/4/2020 17:05,13.13730693
658,31,r_tree,4/4/2020 17:05,2.233025551,18.64719725,2.281868219,4/4/2020 17:06,23.16309834
659,80,r_tree,4/4/2020 17:06,2.244023323,13.63150358,2.181251049,4/4/2020 17:06,18.05778337
660,125,r_tree,4/4/2020 17:06,2.252973557,11.08687162,3.107681751,4/4/2020 17:06,16.44949603
661,173,r_tree,4/4/2020 17:06,2.242002487,18.34109282,2.155206442,4/4/2020 17:06,22.73830175
662,2,r_tree,4/4/2020 17:06,2.244024277,18.90242791,10.44216704,4/4/2020 17:07,31.58861923
663,130,r_tree,4/4/2020 17:07,2.239037275,18.50525308,2.582093,4/4/2020 17:07,23.32837677
664,62,r_tree,4/4/2020 17:07,2.26396966,11.87622643,7.869947433,4/4/2020 17:08,22.01111031
665,152,r_tree,4/4/2020 17:08,2.239036322,52.71250057,2.199093103,4/4/2020 17:09,57.15063
666,87,r_tree,4/4/2020 17:09,2.289898157,22.64943147,2.185169935,4/4/2020 17:09,27.12547421
667,102,r_tree,4/4/2020 17:09,2.253968716,12.68708348,2.191137791,4/4/2020 17:09,17.13415885
668,97,r_tree,4/4/2020 17:09,2.238039732,16.39915204,2.189147949,4/4/2020 17:10,20.82827973
669,141,r_tree,4/4/2020 17:10,2.245990753,13.93093395,10.67244601,4/4/2020 17:10,26.85135555
670,64,r_tree,4/4/2020 17:10,2.249982119,12.70410299,3.094721079,4/4/2020 17:11,18.05079985
671,47,r_tree,4/4/2020 17:11,2.241004467,21.26220918,2.21607399,4/4/2020 17:11,25.72125602
672,29,r_tree,4/4/2020 17:11,2.262972593,27.57979345,3.269254208,4/4/2020 17:12,33.11202025
673,117,r_tree,4/4/2020 17:12,2.249009371,20.61893129,2.215064526,4/4/2020 17:12,25.08398604
674,146,r_tree,4/4/2020 17:12,2.263971806,22.61547852,2.210183382,4/4/2020 17:12,27.09163308
675,64,r_tree,4/4/2020 17:12,2.24638772,17.43937016,2.996954918,4/4/2020 17:13,22.68370986
676,19,r_tree,4/4/2020 17:13,2.240006924,11.31877613,2.587077856,4/4/2020 17:13,16.14884138
677,62,r_tree,4/4/2020 17:13,2.243994951,18.35392332,7.843013287,4/4/2020 17:14,28.44290209
678,170,r_tree,4/4/2020 17:14,2.23708725,22.72623777,2.171191216,4/4/2020 17:14,27.13451624
679,52,r_tree,4/4/2020 17:14,2.273916483,18.23523927,59.16047072,4/4/2020 17:15,79.67062449
680,120,r_tree,4/4/2020 17:15,2.257961988,22.0330801,2.186095238,4/4/2020 17:16,26.4781642
681,1,r_tree,4/4/2020 17:16,2.246958733,14.59169102,5.359660149,4/4/2020 17:16,22.20030522
682,170,r_tree,4/4/2020 17:16,2.242090702,16.07796001,2.166203737,4/4/2020 17:16,20.48625445
683,80,r_tree,4/4/2020 17:16,2.244022846,28.69826388,2.173158407,4/4/2020 17:17,33.11641622
684,167,r_tree,4/4/2020 17:17,2.279901028,21.42119455,20.79439259,4/4/2020 17:18,44.49645829
685,93,r_tree,4/4/2020 17:18,2.234048843,12.8177042,2.216071129,4/4/2020 17:18,17.26782417
686,62,r_tree,4/4/2020 17:18,2.249011517,8.200062037,7.841559649,4/4/2020 17:18,18.29160285
687,152,r_tree,4/4/2020 17:18,2.237042427,27.0785377,2.219062805,4/4/2020 17:19,31.53564072
688,35,r_tree,4/4/2020 17:19,2.261947155,10.12608671,48.52945042,4/4/2020 17:20,60.91848683
689,120,r_tree,4/4/2020 17:20,2.235047579,9.919575214,2.203106165,4/4/2020 17:20,14.35772896
690,74,r_tree,4/4/2020 17:20,2.258983135,14.44834375,6.321115017,4/4/2020 17:21,23.03135562
691,101,r_tree,4/4/2020 17:21,2.242656469,27.66400456,2.242001772,4/4/2020 17:21,32.14866281
692,166,r_tree,4/4/2020 17:21,2.263941765,19.07995415,2.167201042,4/4/2020 17:21,23.51309347
693,24,r_tree,4/4/2020 17:21,2.250976563,23.49713731,7.662688971,4/4/2020 17:22,33.41276956
694,150,r_tree,4/4/2020 17:22,2.269954443,13.8908093,2.192135096,4/4/2020 17:22,18.35489321
695,127,r_tree,4/4/2020 17:22,2.26396966,12.25620866,2.276908398,4/4/2020 17:23,16.79806423
696,76,r_tree,4/4/2020 17:23,2.271948576,14.45632291,2.17916894,4/4/2020 17:23,18.90940976
697,178,r_tree,4/4/2020 17:23,2.233054876,17.28477621,2.152228832,4/4/2020 17:23,21.67104053
698,78,r_tree,4/4/2020 17:23,2.236600876,12.46576166,3.333082438,4/4/2020 17:24,18.03741217
699,151,r_tree,4/4/2020 17:24,2.248011112,11.02550459,2.222025394,4/4/2020 17:24,15.4955411
700,9,r_tree,4/4/2020 17:24,2.255991936,13.80706167,5.73265624,4/4/2020 17:24,21.79668498
701,26,r_tree,4/4/2020 17:24,2.278930902,10.906847,3.570475101,4/4/2020 17:24,16.75819278
702,154,r_tree,4/4/2020 17:24,2.277933359,9.379918814,2.16518259,4/4/2020 17:25,13.82403207
703,158,r_tree,4/4/2020 17:25,2.256989002,9.118575335,2.169197083,4/4/2020 17:25,13.54575872
704,49,r_tree,4/4/2020 17:25,2.245021343,8.723688126,2.182133675,4/4/2020 17:25,13.15181375
705,35,r_tree,4/4/2020 17:25,2.246019602,9.146527767,48.04344583,4/4/2020 17:26,59.43599319
706,167,r_tree,4/4/2020 17:26,2.246020317,13.45901799,20.77541757,4/4/2020 17:27,36.48338795
707,141,r_tree,4/4/2020 17:27,2.253000021,27.77566123,10.6604917,4/4/2020 17:27,40.68915296
708,76,r_tree,4/4/2020 17:27,2.258983374,26.56547856,2.187120676,4/4/2020 17:28,31.01257491
709,145,r_tree,4/4/2020 17:28,2.254008532,25.26445103,2.197095156,4/4/2020 17:28,29.71555471
710,154,r_tree,4/4/2020 17:28,2.244023561,32.96577621,2.177175522,4/4/2020 17:29,37.38697529
711,1,r_tree,4/4/2020 17:29,2.244023323,19.85789728,5.377612829,4/4/2020 17:30,27.48150587
712,83,r_tree,4/4/2020 17:30,2.266960144,24.27206182,2.587072134,4/4/2020 17:30,29.1280725
713,53,r_tree,4/4/2020 17:30,2.295886517,12.99922037,2.17917037,4/4/2020 17:30,17.47524714
714,72,r_tree,4/4/2020 17:30,2.260977268,6.205398083,2.189116478,4/4/2020 17:30,10.65549183
715,73,r_tree,4/4/2020 17:30,2.238038778,9.599346161,2.724691391,4/4/2020 17:31,14.56404471
716,167,r_tree,4/4/2020 17:31,2.240033865,10.47494698,20.93601537,4/4/2020 17:31,33.65299439
717,167,r_tree,4/4/2020 17:31,2.254966974,20.35558915,20.85716796,4/4/2020 17:32,43.46971917
718,50,r_tree,4/4/2020 17:32,2.237465382,11.64586973,8.317720175,4/4/2020 17:32,22.20202446
719,137,r_tree,4/4/2020 17:32,2.254996061,15.05077243,2.209089518,4/4/2020 17:33,19.51682639
720,71,r_tree,4/4/2020 17:33,2.263968229,19.38929415,4.335374117,4/4/2020 17:33,25.98964596
721,39,r_tree,4/4/2020 17:33,2.323782682,20.99485874,7.459014893,4/4/2020 17:34,30.77765632
722,178,r_tree,4/4/2020 17:34,2.249979973,12.10001993,2.160246372,4/4/2020 17:34,16.51024628
723,162,r_tree,4/4/2020 17:34,2.27504015,11.90311241,2.156200409,4/4/2020 17:34,16.33535051
724,113,r_tree,4/4/2020 17:34,2.234022856,60.09774756,2.449418783,4/4/2020 17:35,64.7811892
725,122,r_tree,4/4/2020 17:35,2.234061003,15.34006286,3.606351614,4/4/2020 17:36,21.18241596
726,49,r_tree,4/4/2020 17:36,2.229035854,16.48193073,2.242971659,4/4/2020 17:36,20.95493603
727,25,r_tree,4/4/2020 17:36,2.239010096,13.68220639,15.686064,4/4/2020 17:37,31.60825062
728,20,r_tree,4/4/2020 17:37,2.24612236,10.91183305,9.514544249,4/4/2020 17:37,22.67446661
729,38,r_tree,4/4/2020 17:37,2.245020628,19.57114649,10.88088918,4/4/2020 17:37,32.69802666
730,132,r_tree,4/4/2020 17:37,2.253537416,25.22132158,2.2789011,4/4/2020 17:38,29.75672865
731,55,r_tree,4/4/2020 17:38,2.242506504,22.59162855,3.994326353,4/4/2020 17:38,28.83041835
732,156,r_tree,4/4/2020 17:38,2.272943974,21.14908791,2.222027302,4/4/2020 17:39,25.64505649
733,81,r_tree,4/4/2020 17:39,2.25694418,22.49831319,2.666871071,4/4/2020 17:39,27.42312908
734,101,r_tree,4/4/2020 17:39,2.236017704,10.96517491,2.199116707,4/4/2020 17:40,15.40030932
735,5,r_tree,4/4/2020 17:40,2.251975536,14.04944015,4.914852142,4/4/2020 17:40,21.21723676
736,57,r_tree,4/4/2020 17:40,2.25297308,24.83958697,2.192107439,4/4/2020 17:40,29.28566504
737,43,r_tree,4/4/2020 17:40,2.249981165,17.61898971,3.479690313,4/4/2020 17:41,23.35065651
738,13,r_tree,4/4/2020 17:41,2.245990515,23.53075695,16.69633055,4/4/2020 17:42,42.47605658
739,119,r_tree,4/4/2020 17:42,2.249982595,15.46961164,6.590368032,4/4/2020 17:42,24.31095886
740,31,r_tree,4/4/2020 17:42,2.260951042,15.49155426,2.29086113,4/4/2020 17:42,20.04537106
741,114,r_tree,4/4/2020 17:42,2.238996744,24.00583148,2.207068205,4/4/2020 17:43,28.45189643
742,72,r_tree,4/4/2020 17:43,2.235048294,23.01399088,2.172132969,4/4/2020 17:43,27.42319417
743,53,r_tree,4/4/2020 17:43,2.249009609,16.86642408,2.165208101,4/4/2020 17:44,21.28064179
744,88,r_tree,4/4/2020 17:44,2.263970613,8.932295799,2.344755173,4/4/2020 17:44,13.54199195
745,128,r_tree,4/4/2020 17:44,2.248982668,20.48991323,51.89917326,4/4/2020 17:45,74.64006162
746,118,r_tree,4/4/2020 17:45,2.272944927,16.61857057,2.165180206,4/4/2020 17:45,21.05769253
747,54,r_tree,4/4/2020 17:45,2.261975288,8.896748066,2.21607089,4/4/2020 17:46,13.37479424
748,126,r_tree,4/4/2020 17:46,2.234050274,12.37489438,10.6484921,4/4/2020 17:46,25.25743675
749,4,r_tree,4/4/2020 17:46,2.24302721,25.44689035,14.44738936,4/4/2020 17:47,42.1393013
750,29,r_tree,4/4/2020 17:47,2.259980202,24.21123099,3.221380949,4/4/2020 17:47,29.6935637
751,142,r_tree,4/4/2020 17:47,2.254994631,17.78243041,4.129980326,4/4/2020 17:48,24.17036843
752,69,r_tree,4/4/2020 17:48,2.247011662,18.1853745,2.265942812,4/4/2020 17:48,22.69932604
753,125,r_tree,4/4/2020 17:48,2.253993511,11.22497034,3.13757658,4/4/2020 17:48,16.61753941
754,97,r_tree,4/4/2020 17:48,2.236044407,15.01088572,2.181306839,4/4/2020 17:49,19.43117738
755,16,r_tree,4/4/2020 17:49,2.254124641,15.13550615,3.604334116,4/4/2020 17:49,20.99595451
756,113,r_tree,4/4/2020 17:49,2.254648924,13.88885713,2.469393015,4/4/2020 17:49,18.61386991
757,44,r_tree,4/4/2020 17:49,2.260950804,10.71840143,3.235371351,4/4/2020 17:50,16.21669126
758,73,r_tree,4/4/2020 17:50,2.232186556,15.72592473,2.713740349,4/4/2020 17:50,20.67283821
759,59,r_tree,4/4/2020 17:50,2.258957624,10.81712675,2.366661072,4/4/2020 17:50,15.4447403
760,107,r_tree,4/4/2020 17:50,2.253970861,9.399944544,2.140244961,4/4/2020 17:50,13.79515767
761,47,r_tree,4/4/2020 17:50,2.250977516,9.858623505,2.186150789,4/4/2020 17:51,14.29874301
762,29,r_tree,4/4/2020 17:51,2.231031895,8.660861015,3.19844079,4/4/2020 17:51,14.09229755
763,128,r_tree,4/4/2020 17:51,2.262945175,7.8968997,52.63966823,4/4/2020 17:52,62.8014915
764,136,r_tree,4/4/2020 17:52,2.249981165,13.06005812,2.162214279,4/4/2020 17:52,17.47325134
765,159,r_tree,4/4/2020 17:52,2.235990286,27.33290219,2.914203405,4/4/2020 17:53,32.48406649
766,52,r_tree,4/4/2020 17:53,2.251016617,20.59192348,59.98156381,4/4/2020 17:54,82.82645631
767,19,r_tree,4/4/2020 17:54,2.253969431,26.99881053,2.593064308,4/4/2020 17:55,31.84781051
768,151,r_tree,4/4/2020 17:55,2.247986317,31.19055128,2.157227993,4/4/2020 17:55,35.5977602
769,138,r_tree,4/4/2020 17:55,2.250978231,24.66314173,2.141273975,4/4/2020 17:56,29.0561235
770,128,r_tree,4/4/2020 17:56,2.255991697,24.12848878,52.44549918,4/4/2020 17:57,78.83194876
771,171,r_tree,4/4/2020 17:57,2.266961813,16.7611289,2.143265724,4/4/2020 17:57,21.17235374
772,75,r_tree,4/4/2020 17:57,2.244994164,4.874984264,3.993343592,4/4/2020 17:58,11.11528993
773,163,r_tree,4/4/2020 17:58,2.244023561,10.23268175,21.940274,4/4/2020 17:58,34.41697931
774,97,r_tree,4/4/2020 17:58,2.235046148,8.668832302,2.170217514,4/4/2020 17:58,13.07603908
775,2,r_tree,4/4/2020 17:58,2.250008821,20.50717211,10.53481293,4/4/2020 17:59,33.29396319
776,60,r_tree,4/4/2020 17:59,2.255991936,13.11790609,2.174182177,4/4/2020 17:59,17.55005002
777,138,r_tree,4/4/2020 17:59,2.252004862,9.934422016,2.156231165,4/4/2020 17:59,14.34362435
778,154,r_tree,4/4/2020 17:59,2.245176792,20.91703725,2.154208422,4/4/2020 18:00,25.31642246
779,173,r_tree,4/4/2020 18:00,2.260977507,19.30056834,2.144237041,4/4/2020 18:00,23.70578289
780,26,r_tree,4/4/2020 18:00,2.252001286,16.38505268,3.607322216,4/4/2020 18:01,22.24437618
781,19,r_tree,4/4/2020 18:01,2.242999077,12.1934278,2.625003576,4/4/2020 18:01,17.06339598
782,181,r_tree,4/4/2020 18:01,2.253996134,55.69850636,2.16118741,4/4/2020 18:02,60.1136899
783,173,r_tree,4/4/2020 18:02,2.235992193,19.75617313,2.149160862,4/4/2020 18:02,24.14232278
784,15,r_tree,4/4/2020 18:02,2.248012066,16.37683797,3.207418919,4/4/2020 18:03,21.83323812
785,3,r_tree,4/4/2020 18:03,2.248983145,10.49591851,18.20558858,4/4/2020 18:03,30.95049024
786,25,r_tree,4/4/2020 18:03,2.24698925,12.63020921,15.88067722,4/4/2020 18:04,30.75884509
787,177,r_tree,4/4/2020 18:04,2.240006685,14.53314471,2.157198191,4/4/2020 18:04,18.93234754
788,176,r_tree,4/4/2020 18:04,2.248983622,24.61828732,2.168144226,4/4/2020 18:05,29.03836107
789,90,r_tree,4/4/2020 18:05,2.244689703,24.55031753,2.172267914,4/4/2020 18:05,28.96824527
790,51,r_tree,4/4/2020 18:05,2.237683058,18.05372643,2.243986368,4/4/2020 18:05,22.53737378
791,80,r_tree,4/4/2020 18:05,2.237015963,22.29138589,2.177150488,4/4/2020 18:06,26.70555234
792,134,r_tree,4/4/2020 18:06,2.262974977,15.88902259,2.196119785,4/4/2020 18:06,20.3511157
793,56,r_tree,4/4/2020 18:06,2.245991707,11.65291953,2.2020998,4/4/2020 18:06,16.10101104
794,103,r_tree,4/4/2020 18:06,2.257493734,21.51001692,2.540176392,4/4/2020 18:07,26.30768704
795,59,r_tree,4/4/2020 18:07,2.235046148,20.38572812,2.332757711,4/4/2020 18:07,24.9545033
796,54,r_tree,4/4/2020 18:07,2.249008894,23.82839417,2.195895195,4/4/2020 18:08,28.27329826
797,134,r_tree,4/4/2020 18:08,2.252971649,15.4706676,2.178184032,4/4/2020 18:08,19.90380621
798,18,r_tree,4/4/2020 18:08,2.231029987,14.00763822,2.594059706,4/4/2020 18:08,18.83369827
799,138,r_tree,4/4/2020 18:08,2.249011278,21.60018492,2.17717886,4/4/2020 18:09,26.02737999
800,113,r_tree,4/4/2020 18:09,2.232028961,28.11429262,2.521281481,4/4/2020 18:09,32.8695724
801,21,r_tree,4/4/2020 18:09,2.256961346,19.42702436,2.186812162,4/4/2020 18:10,23.87079787
802,8,r_tree,4/4/2020 18:10,2.245990992,8.941556454,3.011918783,4/4/2020 18:10,14.20245528
803,105,r_tree,4/4/2020 18:10,2.256961823,12.85588694,2.166205883,4/4/2020 18:10,17.28031707
804,47,r_tree,4/4/2020 18:10,2.246018887,22.70276785,2.193122864,4/4/2020 18:11,27.14290738
805,144,r_tree,4/4/2020 18:11,2.239009619,9.374436378,11.99700546,4/4/2020 18:11,23.61345458
806,164,r_tree,4/4/2020 18:11,2.235021114,10.42230606,2.13726759,4/4/2020 18:11,14.7955761
807,107,r_tree,4/4/2020 18:11,2.236045599,21.00879073,2.200087547,4/4/2020 18:12,25.44492388
808,111,r_tree,4/4/2020 18:12,2.253998518,27.55348182,2.224077702,4/4/2020 18:12,32.03554106
809,124,r_tree,4/4/2020 18:12,2.234993696,15.5629251,3.183162689,4/4/2020 18:13,20.98205233
810,128,r_tree,4/4/2020 18:13,2.26294446,24.03591442,52.32500744,4/4/2020 18:14,78.62486482
811,33,r_tree,4/4/2020 18:14,2.250977278,8.455377579,3.667188644,4/4/2020 18:14,14.37454104
812,144,r_tree,4/4/2020 18:14,2.238012314,14.67586923,12.15046668,4/4/2020 18:15,29.06434822
813,64,r_tree,4/4/2020 18:15,2.255990267,12.61923885,3.028922081,4/4/2020 18:15,17.9060936
814,61,r_tree,4/4/2020 18:15,2.242026806,17.36953044,2.185152769,4/4/2020 18:15,21.79768062
815,21,r_tree,4/4/2020 18:15,2.23404932,11.28577948,2.184154034,4/4/2020 18:16,15.70498204
816,123,r_tree,4/4/2020 18:16,2.262946367,14.0454495,2.197072029,4/4/2020 18:16,18.50648713
817,20,r_tree,4/4/2020 18:16,2.238037825,11.76751757,9.563413858,4/4/2020 18:16,23.56994033
818,14,r_tree,4/4/2020 18:16,2.25998044,10.72530556,11.68374109,4/4/2020 18:17,24.67099547
819,160,r_tree,4/4/2020 18:17,2.237016201,8.716743231,2.405563831,4/4/2020 18:17,13.36131859
820,154,r_tree,4/4/2020 18:17,2.242914438,9.273214817,2.161217451,4/4/2020 18:17,13.67834449
821,165,r_tree,4/4/2020 18:17,2.248012781,7.951725483,6.846301794,4/4/2020 18:18,17.04604006
822,159,r_tree,4/4/2020 18:18,2.235081196,11.90119553,2.939109564,4/4/2020 18:18,17.07742572
823,90,r_tree,4/4/2020 18:18,2.240033388,23.08624029,2.179141998,4/4/2020 18:18,27.5064137
824,83,r_tree,4/4/2020 18:18,2.256971598,21.16867185,2.570650578,4/4/2020 18:19,25.99830699
825,112,r_tree,4/4/2020 18:19,2.250977516,26.58103347,4.434115887,4/4/2020 18:19,33.26812172
826,56,r_tree,4/4/2020 18:19,2.234022141,26.77555585,2.212072134,4/4/2020 18:20,31.22263479
827,92,r_tree,4/4/2020 18:20,2.240034103,29.42527485,2.917712212,4/4/2020 18:20,34.58399129
828,129,r_tree,4/4/2020 18:20,2.238039732,17.27677703,2.247002363,4/4/2020 18:21,21.76278877
829,78,r_tree,4/4/2020 18:21,2.259982586,26.06727409,3.297195435,4/4/2020 18:21,31.62643051
830,76,r_tree,4/4/2020 18:21,2.233026743,7.211705208,2.19712162,4/4/2020 18:21,11.64384913
831,174,r_tree,4/4/2020 18:21,2.245022058,6.591365099,2.179141998,4/4/2020 18:22,11.01552916
832,168,r_tree,4/4/2020 18:22,2.243995905,8.510269403,5.095318556,4/4/2020 18:22,15.85058451
833,132,r_tree,4/4/2020 18:22,2.268955946,18.88849306,2.268957376,4/4/2020 18:22,23.42834616
834,158,r_tree,4/4/2020 18:22,2.23803997,13.79314542,2.158198595,4/4/2020 18:23,18.19135094
835,80,r_tree,4/4/2020 18:23,2.236045599,10.75721979,2.175180435,4/4/2020 18:23,15.16941595
836,176,r_tree,4/4/2020 18:23,2.234054327,18.2052958,2.138278723,4/4/2020 18:23,22.57959533
837,112,r_tree,4/4/2020 18:23,2.234024048,19.06601763,4.441129923,4/4/2020 18:24,25.74214172
838,116,r_tree,4/4/2020 18:24,2.255963564,18.82566595,2.153232574,4/4/2020 18:24,23.2368381
839,137,r_tree,4/4/2020 18:24,2.237015009,12.01997066,2.236018419,4/4/2020 18:24,16.49499702
840,24,r_tree,4/4/2020 18:24,2.252943516,52.41481566,7.547818184,4/4/2020 18:25,62.21753216
841,95,r_tree,4/4/2020 18:25,2.237043142,22.53492641,3.159574032,4/4/2020 18:26,27.93351173
842,72,r_tree,4/4/2020 18:26,2.254990816,12.74091649,2.170223475,4/4/2020 18:26,17.16906261
843,126,r_tree,4/4/2020 18:26,2.238038778,15.89761162,10.33534789,4/4/2020 18:27,28.47196937
844,132,r_tree,4/4/2020 18:27,2.24601841,13.50387192,2.268884659,4/4/2020 18:27,18.019804
845,140,r_tree,4/4/2020 18:27,2.242999315,12.88669991,7.293477297,4/4/2020 18:27,22.42317653
846,169,r_tree,4/4/2020 18:27,2.258956432,21.55233812,2.685814142,4/4/2020 18:28,26.5001018
847,125,r_tree,4/4/2020 18:28,2.250008106,26.68959427,3.130624533,4/4/2020 18:28,32.07119679
848,176,r_tree,4/4/2020 18:28,2.253000021,19.45295453,2.15021944,4/4/2020 18:29,23.85617399
849,180,r_tree,4/4/2020 18:29,2.249980688,22.49531126,2.57810235,4/4/2020 18:29,27.32439208
850,1,r_tree,4/4/2020 18:29,2.241034269,17.09544396,5.356696129,4/4/2020 18:30,24.69611096
851,136,r_tree,4/4/2020 18:30,2.232054949,10.94767904,2.147255182,4/4/2020 18:30,15.32799053
852,27,r_tree,4/4/2020 18:30,2.235021114,17.95698524,2.31281209,4/4/2020 18:30,22.50481844
853,37,r_tree,4/4/2020 18:30,2.245021343,21.83754754,4.416212559,4/4/2020 18:31,28.49977899
854,123,r_tree,4/4/2020 18:31,2.252972841,18.24418974,2.202106714,4/4/2020 18:31,22.70126605
855,80,r_tree,4/4/2020 18:31,2.249009609,22.27944374,2.143265724,4/4/2020 18:31,26.67271638
856,114,r_tree,4/4/2020 18:31,2.251974821,13.85593152,2.220032215,4/4/2020 18:32,18.32793856
857,158,r_tree,4/4/2020 18:32,2.230061531,16.07898307,2.155212879,4/4/2020 18:32,20.46624637
858,55,r_tree,4/4/2020 18:32,2.246988535,28.95755243,3.958427906,4/4/2020 18:33,35.16394782
859,27,r_tree,4/4/2020 18:33,2.263943911,21.31100965,2.308822155,4/4/2020 18:33,25.88474703
860,101,r_tree,4/4/2020 18:33,2.23903656,13.09494305,2.200113535,4/4/2020 18:33,17.53409314
861,152,r_tree,4/4/2020 18:33,2.249950647,7.876951218,2.188146591,4/4/2020 18:34,12.31504846
862,109,r_tree,4/4/2020 18:34,2.235020876,26.85017514,2.167201996,4/4/2020 18:34,31.25239801
863,92,r_tree,4/4/2020 18:34,2.249981165,10.0511353,2.907195091,4/4/2020 18:34,15.20930982
864,130,r_tree,4/4/2020 18:34,2.235021591,9.995256662,2.572146893,4/4/2020 18:35,14.80339479
865,129,r_tree,4/4/2020 18:35,2.234022856,14.21902037,2.253970146,4/4/2020 18:35,18.70898294
866,167,r_tree,4/4/2020 18:35,2.258955479,27.63523984,21.046664,4/4/2020 18:36,50.94285417
867,10,r_tree,4/4/2020 18:36,2.273943663,19.28939366,11.28483558,4/4/2020 18:36,32.85012388
868,35,r_tree,4/4/2020 18:36,2.240035057,23.39366388,47.63257909,4/4/2020 18:38,73.26727509
869,134,r_tree,4/4/2020 18:38,2.239009857,13.65269065,2.142238379,4/4/2020 18:38,18.03393888
870,13,r_tree,4/4/2020 18:38,2.230033159,11.80245042,16.93771243,4/4/2020 18:38,30.9721365
871,77,r_tree,4/4/2020 18:38,2.230033159,13.89086223,2.156258345,4/4/2020 18:39,18.28009272
872,29,r_tree,4/4/2020 18:39,2.232053995,17.29896331,3.173509121,4/4/2020 18:39,22.70552397
873,50,r_tree,4/4/2020 18:39,2.23701334,12.62026429,8.339686394,4/4/2020 18:39,23.19895959
874,15,r_tree,4/4/2020 18:39,2.246986151,10.67843056,3.176480293,4/4/2020 18:40,16.101897
875,145,r_tree,4/4/2020 18:40,2.2440238,13.69932055,2.173187256,4/4/2020 18:40,18.11755204
876,11,r_tree,4/4/2020 18:40,2.238041639,10.41014767,3.205396175,4/4/2020 18:40,15.85458136
877,66,r_tree,4/4/2020 18:40,2.243026018,9.265211105,2.729699373,4/4/2020 18:41,14.23983097
878,121,r_tree,4/4/2020 18:41,2.249010324,9.021862507,2.164209843,4/4/2020 18:41,13.43605304
879,81,r_tree,4/4/2020 18:41,2.258983135,8.821417093,2.607026339,4/4/2020 18:41,13.68941402
880,93,r_tree,4/4/2020 18:41,2.261947632,9.021889448,2.190139771,4/4/2020 18:41,13.47594666
881,78,r_tree,4/4/2020 18:41,2.234052181,13.56171393,3.321088552,4/4/2020 18:42,19.11785102
882,174,r_tree,4/4/2020 18:42,2.241030216,27.06062913,2.187218189,4/4/2020 18:42,31.49082541
883,177,r_tree,4/4/2020 18:42,2.239009142,26.49115229,2.138270855,4/4/2020 18:43,30.87140608
884,12,r_tree,4/4/2020 18:43,2.236042738,24.6600244,3.691135883,4/4/2020 18:43,30.59017253
885,58,r_tree,4/4/2020 18:43,2.242030144,32.35148239,2.363681316,4/4/2020 18:44,36.95918822
886,131,r_tree,4/4/2020 18:44,2.234050274,19.42038226,2.718752146,4/4/2020 18:44,24.37513137
887,152,r_tree,4/4/2020 18:44,2.24399662,23.94496799,2.213078499,4/4/2020 18:45,28.40303659
888,21,r_tree,4/4/2020 18:45,2.251976013,12.72896886,2.162404776,4/4/2020 18:45,17.14434671
889,2,r_tree,4/4/2020 18:45,2.250977993,6.024908304,10.50783205,4/4/2020 18:45,18.78371835
890,99,r_tree,4/4/2020 18:45,2.24998045,9.614277363,2.17717433,4/4/2020 18:45,14.04342699
891,18,r_tree,4/4/2020 18:45,2.245020628,10.17486548,2.615007639,4/4/2020 18:46,15.03684402
892,53,r_tree,4/4/2020 18:46,2.238012075,20.01049066,2.167196274,4/4/2020 18:46,24.41669679
893,141,r_tree,4/4/2020 18:46,2.268930674,11.70479393,11.07335401,4/4/2020 18:47,25.04707861
894,101,r_tree,4/4/2020 18:47,2.257959127,15.09964848,2.201092005,4/4/2020 18:47,19.56069446
895,180,r_tree,4/4/2020 18:47,2.230035067,19.70228744,2.881300211,4/4/2020 18:47,24.81362271
896,14,r_tree,4/4/2020 18:47,2.265938759,21.54249454,11.38750648,4/4/2020 18:48,35.19593978
897,164,r_tree,4/4/2020 18:48,2.242000818,11.8732338,2.123319387,4/4/2020 18:48,16.24052238
898,122,r_tree,4/4/2020 18:48,2.251963377,12.39686131,3.388901711,4/4/2020 18:48,18.0397501
899,92,r_tree,4/4/2020 18:48,2.238042116,60.16067266,2.916171789,4/4/2020 18:49,65.31687951
900,156,r_tree,4/4/2020 18:49,2.247985125,14.88829064,2.211107731,4/4/2020 18:50,19.3493526
901,29,r_tree,4/4/2020 18:50,2.263969421,16.21661377,3.26324439,4/4/2020 18:50,21.74482441
902,137,r_tree,4/4/2020 18:50,2.247014999,13.46688676,2.201111078,4/4/2020 18:50,17.91695499
903,3,r_tree,4/4/2020 18:50,2.274913073,10.59730148,18.22524738,4/4/2020 18:51,31.09944844
904,49,r_tree,4/4/2020 18:51,2.236044645,19.47099614,2.172187328,4/4/2020 18:51,23.88122272
905,165,r_tree,4/4/2020 18:51,2.253996849,25.15373015,6.83770895,4/4/2020 18:52,34.24737406
906,47,r_tree,4/4/2020 18:52,2.236018181,22.67137575,2.190109015,4/4/2020 18:52,27.09850049
907,114,r_tree,4/4/2020 18:52,2.255991459,20.70462298,2.199132442,4/4/2020 18:53,25.16071653
908,134,r_tree,4/4/2020 18:53,2.247014761,21.95226121,2.143265247,4/4/2020 18:53,26.34354568
909,147,r_tree,4/4/2020 18:53,2.244022846,10.6864121,2.698808432,4/4/2020 18:54,15.63119674
910,81,r_tree,4/4/2020 18:54,2.235020399,14.93845105,2.600393295,4/4/2020 18:54,19.77484512
911,150,r_tree,4/4/2020 18:54,2.235019445,25.68139005,2.168199778,4/4/2020 18:54,30.08460927
912,12,r_tree,4/4/2020 18:54,2.270926714,17.71161246,3.700118065,4/4/2020 18:55,23.68265724
913,80,r_tree,4/4/2020 18:55,2.233053207,24.02971315,2.178190708,4/4/2020 18:55,28.44095707
914,130,r_tree,4/4/2020 18:55,2.252972841,15.58356261,2.581092358,4/4/2020 18:56,20.41961551
915,6,r_tree,4/4/2020 18:56,2.237014294,15.40794826,2.482306957,4/4/2020 18:56,20.12829065
916,73,r_tree,4/4/2020 18:56,2.25000906,24.34691095,2.762581348,4/4/2020 18:56,29.35950136
917,99,r_tree,4/4/2020 18:56,2.256995201,23.32213759,2.164182901,4/4/2020 18:57,27.74428749
918,74,r_tree,4/4/2020 18:57,2.240035295,17.37952209,6.110694885,4/4/2020 18:57,25.73120594
919,162,r_tree,4/4/2020 18:57,2.253999472,8.58202076,2.143265247,4/4/2020 18:58,12.98028278
920,157,r_tree,4/4/2020 18:58,2.248043776,20.15709805,2.175152779,4/4/2020 18:58,24.58126545
921,169,r_tree,4/4/2020 18:58,2.234050989,16.09693003,2.677870274,4/4/2020 18:58,21.00885129
922,99,r_tree,4/4/2020 18:58,2.233054876,8.743836403,2.198103905,4/4/2020 18:59,13.17700577
923,37,r_tree,4/4/2020 18:59,2.240037441,12.38190007,4.438131809,4/4/2020 18:59,19.06106067
924,55,r_tree,4/4/2020 18:59,2.244993925,25.29192734,3.952424765,4/4/2020 18:59,31.49034333
925,47,r_tree,4/4/2020 18:59,2.24502039,24.34398794,2.162214994,4/4/2020 19:00,28.75122333
926,80,r_tree,4/4/2020 19:00,2.236017227,17.62886548,2.179170609,4/4/2020 19:00,22.04405332
927,66,r_tree,4/4/2020 19:00,2.260951281,18.11954951,2.704736948,4/4/2020 19:01,23.08523774
928,96,r_tree,4/4/2020 19:01,2.252563,10.87919569,24.69406724,4/4/2020 19:01,37.82873726
929,101,r_tree,4/4/2020 19:01,2.236044407,15.08978558,2.202094793,4/4/2020 19:02,19.52988243
930,181,r_tree,4/4/2020 19:02,2.270918846,15.16445398,2.143266916,4/4/2020 19:02,19.58058381
931,67,r_tree,4/4/2020 19:02,2.240032911,13.89383101,11.6797781,4/4/2020 19:02,27.81658602
932,80,r_tree,4/4/2020 19:02,2.326776028,11.16812348,2.185152769,4/4/2020 19:03,15.68104982
933,43,r_tree,4/4/2020 19:03,2.253996849,15.45767999,3.479662895,4/4/2020 19:03,21.19133973
934,64,r_tree,4/4/2020 19:03,2.23604393,10.56283164,3.020947695,4/4/2020 19:03,15.82273221
935,103,r_tree,4/4/2020 19:03,2.232028008,9.770885944,2.491363287,4/4/2020 19:03,14.4952476
936,138,r_tree,4/4/2020 19:03,2.242001772,9.893759727,2.143238306,4/4/2020 19:04,14.28099489
937,181,r_tree,4/4/2020 19:04,2.256988525,8.816413403,2.149235487,4/4/2020 19:04,13.22462058
938,102,r_tree,4/4/2020 19:04,2.244023561,7.694543362,2.179141998,4/4/2020 19:04,12.1187048
939,29,r_tree,4/4/2020 19:04,2.24801302,12.89851832,3.191490889,4/4/2020 19:04,18.34192824
940,7,r_tree,4/4/2020 19:04,2.243025541,27.26661658,3.199415207,4/4/2020 19:05,32.71002793
941,79,r_tree,4/4/2020 19:05,2.245991468,20.75948882,2.210085392,4/4/2020 19:05,25.21653509
942,110,r_tree,4/4/2020 19:05,2.252002954,26.61879444,2.172160625,4/4/2020 19:06,31.04295802
943,144,r_tree,4/4/2020 19:06,2.273942471,30.9503324,11.92608547,4/4/2020 19:07,45.15036035
944,158,r_tree,4/4/2020 19:07,2.240035295,24.17334509,2.159223557,4/4/2020 19:07,28.5735743
945,7,r_tree,4/4/2020 19:07,2.240033865,23.9849875,3.204427004,4/4/2020 19:08,29.43041778
946,155,r_tree,4/4/2020 19:08,2.228065729,16.52889132,2.535218954,4/4/2020 19:08,21.29511189
947,158,r_tree,4/4/2020 19:08,2.242028713,4.717745543,2.167172432,4/4/2020 19:08,9.127918243
948,92,r_tree,4/4/2020 19:08,2.248125553,10.2735126,2.938139915,4/4/2020 19:08,15.46074963
949,72,r_tree,4/4/2020 19:08,2.23105669,8.652885437,2.167175055,4/4/2020 19:09,13.05308485
950,89,r_tree,4/4/2020 19:09,2.263945341,20.67170286,2.459455967,4/4/2020 19:09,25.39610124
951,25,r_tree,4/4/2020 19:09,2.238066196,13.01615191,15.6123457,4/4/2020 19:10,30.8675611
952,117,r_tree,4/4/2020 19:10,2.253000021,9.85364151,2.139272928,4/4/2020 19:10,14.24591446
953,163,r_tree,4/4/2020 19:10,2.247013569,20.96293068,22.33719969,4/4/2020 19:11,45.54814887
954,72,r_tree,4/4/2020 19:11,2.254965782,19.65361905,2.189123392,4/4/2020 19:11,24.09969664
955,86,r_tree,4/4/2020 19:11,2.274690628,16.27445555,2.156203508,4/4/2020 19:11,20.70534968
956,48,r_tree,4/4/2020 19:11,2.234052181,12.49809742,2.201111078,4/4/2020 19:12,16.93425822
957,70,r_tree,4/4/2020 19:12,2.266961098,56.35043502,2.48737216,4/4/2020 19:13,61.10770774
958,19,r_tree,4/4/2020 19:13,2.261979103,19.59465814,2.591095448,4/4/2020 19:13,24.44870257
959,108,r_tree,4/4/2020 19:13,2.25796032,16.28343463,2.147675037,4/4/2020 19:13,20.69004369
960,181,r_tree,4/4/2020 19:13,2.24801445,10.67543006,2.151243925,4/4/2020 19:14,15.07569456
961,76,r_tree,4/4/2020 19:14,2.258956194,12.7599771,2.183128595,4/4/2020 19:14,17.20307183
962,52,r_tree,4/4/2020 19:14,2.241004467,15.12861323,59.29711366,4/4/2020 19:15,76.6676147
963,120,r_tree,4/4/2020 19:15,2.247015953,24.50740528,2.19512701,4/4/2020 19:16,28.95154262
964,21,r_tree,4/4/2020 19:16,2.241029739,25.219033,2.205073118,4/4/2020 19:16,29.66613221
965,121,r_tree,4/4/2020 19:16,2.284914494,18.03375554,2.170183182,4/4/2020 19:17,22.4908278
966,1,r_tree,4/4/2020 19:17,2.255991697,22.61651635,5.366646528,4/4/2020 19:17,30.24109674
967,120,r_tree,4/4/2020 19:17,2.257986784,15.62120628,2.207068443,4/4/2020 19:17,20.08725905
968,37,r_tree,4/4/2020 19:17,2.263944626,11.69478416,4.452088833,4/4/2020 19:18,18.41282058
969,90,r_tree,4/4/2020 19:18,2.234022856,21.30505514,2.167197227,4/4/2020 19:18,25.70727587
970,158,r_tree,4/4/2020 19:18,2.273917198,20.24486256,2.200086594,4/4/2020 19:19,24.71986365
971,60,r_tree,4/4/2020 19:19,2.247986078,23.8631556,2.184156418,4/4/2020 19:19,28.2962954
972,119,r_tree,4/4/2020 19:19,2.276908398,15.2906301,6.582390308,4/4/2020 19:19,24.15089774
973,181,r_tree,4/4/2020 19:19,2.235002995,13.97678518,2.150235653,4/4/2020 19:20,18.36202383
974,77,r_tree,4/4/2020 19:20,2.244024277,20.854249,2.17518568,4/4/2020 19:20,25.27540994
975,9,r_tree,4/4/2020 19:20,2.280898094,29.31856036,5.799484491,4/4/2020 19:21,37.40093684
976,170,r_tree,4/4/2020 19:21,2.251005173,19.86361456,2.146226406,4/4/2020 19:21,24.26184869
977,122,r_tree,4/4/2020 19:21,2.258983135,9.162491798,3.403862715,4/4/2020 19:21,14.82633495
978,179,r_tree,4/4/2020 19:21,2.262972355,12.00994134,5.219029903,4/4/2020 19:22,19.4929409
979,81,r_tree,4/4/2020 19:22,2.249010086,23.06628752,2.58109498,4/4/2020 19:22,27.89736271
980,107,r_tree,4/4/2020 19:22,2.269953966,9.780271769,2.136256695,4/4/2020 19:22,14.18648243
981,109,r_tree,4/4/2020 19:22,2.233050585,10.19138575,2.155234098,4/4/2020 19:23,14.58161211
982,138,r_tree,4/4/2020 19:23,2.239037275,20.72658849,2.155205965,4/4/2020 19:23,25.12083173
983,28,r_tree,4/4/2020 19:23,2.2440238,27.28316474,7.478974342,4/4/2020 19:24,37.00812006
984,41,r_tree,4/4/2020 19:24,2.279926062,16.47310615,23.96289158,4/4/2020 19:24,42.71775794
985,13,r_tree,4/4/2020 19:24,2.234050512,23.60588121,16.83792162,4/4/2020 19:25,42.67785335
986,71,r_tree,4/4/2020 19:25,2.236048937,8.631933689,4.343352079,4/4/2020 19:25,15.21230125
987,85,r_tree,4/4/2020 19:25,2.239037514,14.60594463,37.2773087,4/4/2020 19:26,54.12428403
988,147,r_tree,4/4/2020 19:26,2.253996134,12.67109156,2.67085433,4/4/2020 19:27,17.59693909
989,125,r_tree,4/4/2020 19:27,2.239037275,17.48721385,3.156572819,4/4/2020 19:27,22.88477397
990,159,r_tree,4/4/2020 19:27,2.249015808,11.30777693,2.978998899,4/4/2020 19:27,16.53775454
991,87,r_tree,4/4/2020 19:27,2.236045122,13.40217018,2.186124325,4/4/2020 19:28,17.82530975
992,19,r_tree,4/4/2020 19:28,2.246017933,11.68074918,2.604033947,4/4/2020 19:28,16.53177071
993,6,r_tree,4/4/2020 19:28,2.248013258,10.87313819,2.458391905,4/4/2020 19:28,15.58053946
994,68,r_tree,4/4/2020 19:28,2.252037048,8.66678834,49.30077147,4/4/2020 19:29,60.22155738
995,170,r_tree,4/4/2020 19:29,2.251005888,9.282136679,2.184153795,4/4/2020 19:29,13.71829677
996,137,r_tree,4/4/2020 19:29,2.233026028,7.983698845,2.20407486,4/4/2020 19:30,12.42179775
997,168,r_tree,4/4/2020 19:30,2.265964746,11.81838202,5.077387571,4/4/2020 19:30,19.16173434
998,53,r_tree,4/4/2020 19:30,2.252971649,22.97615814,2.158219814,4/4/2020 19:30,27.38935137
999,124,r_tree,4/4/2020 19:30,2.242028475,21.80571342,3.170490026,4/4/2020 19:31,27.21823192
